ID,Asteroid1.12,Asteroid2.12,Asteroid3.12,Asteroid4.12,Asteroid5.12,Treatment1.12,Treatment2.12,Treatment3.12,Treatment4.12,Treatment5.12,UncontrollableRisk1.18,UncontrollableRisk2.18,UncontrollableRisk3.18,EffortSurvival.18,ImportantSurvive.18,Wealth.12,SSES.12,Age.1,Education.1,CFC.Future.9,CFC.Immediate.9,SoPA.9,SoNA.9,LifeOrientation.10,Sex.1
1,,,,,,,,,,,94.0,52.0,1.0,1.0,11.0,,,60.0,2,39.0,14.0,3.833333333,1.428571429,11.0,1.0
2,,,,,,,,,,,100.0,50.0,10.0,50.0,11.0,,,61.0,5,,,,,,2.0
3,,,,,,,,,,,,,,,,,,36.0,5,,,,,13.5,1.0
4,,,,,,,,,,,85.0,50.0,60.0,90.0,11.0,,,54.0,6,48.0,9.0,6.5,1.0,13.5,1.0
5,1.0,1.0,2.0,3.0,3.0,1.0,1.0,2.0,3.0,3.0,50.0,15.0,65.0,100.0,11.0,-0.725533808,3.0,61.0,3,35.0,33.0,6.5,1.0,12.5,2.0
6,,,,,,,,,,,,,,,,,,58.0,3,34.0,21.0,4.166666667,2.714285714,10.5,1.0
7,1.0,1.0,3.0,3.0,3.0,1.0,1.0,1.0,2.0,3.0,95.0,85.0,15.0,10.0,10.0,,3.0,40.0,2,33.0,20.0,5.833333333,1.428571429,8.0,1.0
8,,,,,,,,,,,,,,,,,,64.0,3,,,,,,1.0
9,1.0,1.0,1.0,2.0,3.0,1.0,2.0,3.0,3.0,3.0,100.0,95.0,5.0,80.0,1.0,-0.090094976,6.0,49.0,5,49.0,9.0,6.166666667,1.142857143,10.5,1.0
10,1.0,2.0,2.0,2.0,3.0,1.0,1.0,2.0,2.0,3.0,94.0,70.0,60.0,0.0,8.0,-1.449264888,4.0,68.0,5,24.0,30.0,5.166666667,1.428571429,9.0,2.0
11,1.0,1.0,1.0,2.0,3.0,1.0,1.0,1.0,3.0,3.0,90.0,60.0,50.0,90.0,11.0,0.158081502,7.0,77.0,6,49.0,7.0,6.0,1.0,15.0,1.0
12,1.0,1.0,3.0,3.0,3.0,1.0,1.0,1.0,3.0,3.0,,,,,,-0.885418037,2.0,66.0,2,49.0,7.0,6.666666667,1.571428571,5.0,2.0
13,,,,,,,,,,,,,,,,,,52.0,5,,,,,,2.0
14,3.0,3.0,3.0,3.0,3.0,1.0,3.0,3.0,3.0,3.0,99.0,98.0,1.0,90.0,11.0,-0.969509557,4.0,65.0,3,49.0,9.0,6.0,1.285714286,10.5,1.0
15,,,,,,,,,,,,,,,,,,29.0,5,42.0,9.0,4.5,2.428571429,6.5,1.0
16,3.0,3.0,3.0,3.0,3.0,3.0,3.0,3.0,3.0,3.0,,,,,,0.957502648,7.0,56.0,5,42.0,17.0,5.666666667,1.714285714,,1.0
17,1.0,1.0,2.0,3.0,3.0,1.0,1.0,2.0,2.0,3.0,87.0,65.0,30.0,53.0,10.0,-0.50955435,3.0,64.0,3,30.0,34.0,4.666666667,2.857142857,7.0,2.0
18,,,,,,,,,,,,,,,,,,59.0,5,49.0,8.0,5.0,1.428571429,,1.0
19,2.0,3.0,3.0,3.0,3.0,1.0,2.0,3.0,3.0,3.0,,,,,,0.693726775,7.0,59.0,7,,,,,15.0,1.0
20,,,,,,,,,,,82.0,75.0,35.0,30.0,7.0,,,62.0,6,34.0,32.0,5.833333333,1.857142857,9.5,2.0
21,3.0,3.0,3.0,3.0,3.0,2.0,3.0,3.0,3.0,3.0,,,,,,0.637734189,7.0,46.0,5,37.0,13.0,4.0,,9.5,1.0
22,,,,,,,,,,,,,,,,,,34.0,5,,,,,,2.0
23,1.0,2.0,2.0,3.0,3.0,2.0,2.0,3.0,3.0,3.0,90.0,40.0,25.0,25.0,9.0,,3.0,31.0,2,25.0,32.0,2.833333333,1.571428571,6.0,1.0
24,,,,,,,,,,,,,,,,,,,3,,,,,14.0,2.0
25,1.0,1.0,2.0,3.0,3.0,1.0,1.0,2.0,3.0,3.0,75.0,15.0,65.0,85.0,8.0,,4.0,53.0,7,37.0,19.0,4.0,3.428571429,8.0,2.0
26,,,,,,,,,,,,,,,,,,63.0,5,,,,,,2.0
27,1.0,2.0,2.0,2.0,3.0,2.0,2.0,2.0,3.0,3.0,,,,,,-0.965411473,4.0,61.0,3,29.0,18.0,4.0,1.0,,2.0
28,1.0,2.0,2.0,3.0,3.0,1.0,1.0,2.0,2.0,3.0,50.0,50.0,9.0,10.0,11.0,-0.405765349,4.0,62.0,4,,,,,11.0,2.0
29,,,,,,,,,,,,,,,,,,54.0,2,,,,,,1.0
30,1.0,2.0,3.0,3.0,3.0,1.0,1.0,2.0,3.0,3.0,,,,,,,7.0,61.0,2,,,,,14.0,1.0
31,,,,,,,,,,,,,,,,,,57.0,6,,,,,,2.0
32,1.0,2.0,2.0,2.0,3.0,1.0,1.0,2.0,3.0,3.0,100.0,100.0,0.0,0.0,8.0,-1.289380659,4.0,62.0,5,28.0,26.0,6.166666667,1.285714286,11.5,2.0
33,,,,,,,,,,,,,,,,,,56.0,5,,,,,,2.0
34,1.0,1.0,1.0,2.0,3.0,1.0,1.0,1.0,2.0,3.0,50.0,59.0,65.0,12.0,7.0,1.10929335,7.0,64.0,4,38.0,20.0,5.166666667,2.285714286,12.0,2.0
35,,,,,,,,,,,,,,,,,,78.0,3,,,,,10.0,2.0
36,,,,,,,,,,,,,,,,,,48.0,6,,,,,,2.0
37,,,,,,,,,,,,,,,,,,65.0,3,35.0,28.0,4.333333333,3.0,10.5,2.0
38,1.0,1.0,2.0,3.0,3.0,1.0,1.0,2.0,3.0,3.0,100.0,92.0,1.0,50.0,10.0,,6.0,66.0,5,33.0,22.0,5.333333333,2.285714286,14.0,2.0
39,1.0,1.0,1.0,2.0,3.0,1.0,1.0,1.0,2.0,3.0,,,,,,-0.321571186,3.0,74.0,5,,,,,,2.0
40,1.0,1.0,2.0,2.0,3.0,1.0,1.0,2.0,3.0,3.0,99.0,97.0,2.0,3.0,10.0,-0.297775621,3.0,39.0,5,35.0,19.0,4.666666667,1.857142857,6.0,2.0
41,1.0,1.0,2.0,3.0,3.0,1.0,1.0,3.0,3.0,3.0,90.0,50.0,15.0,100.0,11.0,0.050091773,5.0,74.0,3,48.0,11.0,6.0,1.571428571,14.5,2.0
42,,,,,,,,,,,,,,,,,,50.0,5,19.0,39.0,3.666666667,2.571428571,8.5,2.0
43,1.0,1.0,2.0,3.0,3.0,2.0,2.0,2.0,3.0,3.0,,,,,,0.373958316,3.0,61.0,3,33.0,25.0,3.166666667,1.714285714,12.0,1.0
44,,,,,,,,,,,,,,,,,,40.0,5,,,,,,1.0
45,1.0,3.0,3.0,3.0,3.0,3.0,3.0,3.0,3.0,3.0,80.0,60.0,15.0,60.0,10.0,0.097785546,7.0,59.0,4,33.0,29.0,5.166666667,1.285714286,10.5,1.0
46,1.0,2.0,2.0,3.0,3.0,1.0,1.0,2.0,3.0,3.0,,,,,,-0.7535301,3.0,69.0,2,47.0,15.0,5.166666667,1.857142857,8.5,2.0
47,1.0,1.0,2.0,3.0,3.0,1.0,1.0,2.0,3.0,3.0,85.0,50.0,70.0,25.0,10.0,-1.449264888,2.0,39.0,3,,,,,5.0,2.0
48,3.0,3.0,3.0,3.0,3.0,1.0,2.0,3.0,3.0,3.0,,,,,,-0.861519829,3.0,30.0,5,42.0,17.0,4.333333333,1.285714286,6.0,1.0
49,,,,,,,,,,,,,,,,,,44.0,4,,,,,,1.0
50,2.0,3.0,3.0,3.0,3.0,2.0,3.0,3.0,3.0,3.0,80.0,51.0,35.0,50.0,8.0,0.101986274,5.0,38.0,5,49.0,9.0,5.666666667,1.714285714,6.0,1.0
51,,,,,,,,,,,85.0,84.0,5.0,0.0,6.0,,,38.0,6,,,,,,2.0
52,1.0,3.0,3.0,3.0,3.0,1.0,1.0,3.0,3.0,3.0,,,,,,0.497650083,4.0,39.0,6,35.0,15.0,3.0,3.428571429,6.5,2.0
53,1.0,1.0,1.0,1.0,3.0,1.0,1.0,1.0,1.0,1.0,95.0,75.0,5.0,10.0,8.0,-0.9696122,4.0,67.0,6,,,,,10.5,1.0
54,3.0,3.0,3.0,3.0,3.0,3.0,3.0,3.0,3.0,3.0,90.0,78.0,20.0,10.0,9.0,-0.753632743,5.0,51.0,5,36.0,33.0,2.833333333,5.0,7.0,1.0
55,3.0,3.0,3.0,3.0,3.0,2.0,3.0,3.0,3.0,3.0,99.0,95.0,5.0,25.0,10.0,-0.113993184,4.0,52.0,3,32.0,25.0,6.0,1.857142857,14.5,2.0
56,3.0,3.0,3.0,3.0,3.0,1.0,1.0,2.0,3.0,3.0,,,,,,0.365762147,6.0,63.0,2,41.0,12.0,4.5,1.428571429,,2.0
57,1.0,1.0,2.0,3.0,3.0,1.0,1.0,1.0,2.0,3.0,95.0,50.0,20.0,40.0,10.0,,3.0,51.0,5,32.0,23.0,3.5,3.428571429,6.0,1.0
58,1.0,1.0,2.0,2.0,3.0,1.0,1.0,2.0,3.0,3.0,,,,,,,1.0,57.0,5,40.0,42.0,4.333333333,2.714285714,8.0,2.0
59,,,,,,,,,,,,,,,,,,67.0,3,,,,,,2.0
60,1.0,1.0,1.0,3.0,3.0,1.0,1.0,1.0,1.0,3.0,99.0,99.0,1.0,65.0,11.0,-1.18139093,2.0,60.0,3,42.0,13.0,6.0,1.0,4.5,1.0
61,1.0,2.0,2.0,3.0,2.0,2.0,2.0,2.0,1.0,2.0,,,,,,-0.809625328,3.0,48.0,5,24.0,27.0,3.166666667,3.0,8.5,2.0
62,,,,,,,,,,,,,,,,,,25.0,6,,,,,12.5,2.0
63,,,,,,,,,,,,,,,,,,31.0,2,,,,,,2.0
64,2.0,2.0,2.0,2.0,2.0,1.0,1.0,1.0,1.0,2.0,82.0,83.0,81.0,80.0,7.0,-0.150288289,6.0,63.0,7,19.0,22.0,3.666666667,2.285714286,13.0,1.0
65,1.0,1.0,2.0,3.0,3.0,1.0,1.0,2.0,3.0,3.0,91.0,71.0,30.0,67.0,10.0,1.429061809,6.0,50.0,5,39.0,31.0,5.0,3.0,10.5,1.0
66,1.0,1.0,2.0,2.0,3.0,1.0,1.0,2.0,2.0,3.0,68.0,15.0,87.0,63.0,11.0,-0.669438579,2.0,63.0,2,40.0,19.0,5.0,2.428571429,9.5,2.0
67,2.0,3.0,1.0,3.0,3.0,2.0,2.0,2.0,2.0,3.0,81.0,70.0,70.0,67.0,9.0,,7.0,42.0,7,23.0,26.0,4.0,2.571428571,11.5,1.0
68,,,,,,,,,,,,,,,,,,45.0,4,43.0,20.0,7.0,1.0,13.0,2.0
69,1.0,1.0,1.0,1.0,1.0,1.0,1.0,1.0,1.0,1.0,100.0,100.0,0.0,0.0,1.0,-0.809727971,2.0,31.0,2,25.0,36.0,3.166666667,2.285714286,4.5,1.0
70,,,,,,,,,,,73.0,25.0,35.0,49.0,9.0,,,63.0,2,,18.0,5.666666667,2.571428571,12.5,2.0
71,1.0,2.0,3.0,3.0,3.0,1.0,2.0,2.0,3.0,3.0,97.0,50.0,65.0,60.0,9.0,-1.341275159,2.0,59.0,3,36.0,23.0,4.0,2.0,8.0,2.0
72,,,,,,,,,,,,,,,,,,21.0,3,,,,,,2.0
73,1.0,2.0,3.0,3.0,3.0,1.0,2.0,3.0,3.0,3.0,100.0,80.0,10.0,20.0,11.0,-0.133690664,5.0,61.0,4,33.0,21.0,5.333333333,1.0,12.5,2.0
74,3.0,3.0,3.0,3.0,3.0,2.0,3.0,3.0,3.0,3.0,99.0,98.0,1.0,0.0,8.0,-0.409863434,4.0,29.0,5,39.0,19.0,,1.285714286,7.0,1.0
75,2.0,3.0,3.0,3.0,3.0,1.0,2.0,3.0,3.0,3.0,,,,,,-0.409863434,4.0,54.0,5,38.0,25.0,4.0,4.0,,1.0
76,,,,,,,,,,,,,,,,,,26.0,3,,,,,,1.0
77,1.0,2.0,2.0,2.0,2.0,1.0,1.0,2.0,3.0,3.0,94.0,40.0,34.0,70.0,11.0,0.637734189,6.0,71.0,5,26.0,21.0,3.666666667,1.857142857,13.5,1.0
78,,,,,,,,,,,,,,,,,,49.0,2,,,,,,2.0
79,,,,,,,,,,,,,,,,,,60.0,3,44.0,11.0,4.833333333,1.428571429,,1.0
80,3.0,3.0,3.0,3.0,3.0,1.0,1.0,2.0,3.0,3.0,95.0,50.0,25.0,60.0,11.0,0.47784996,7.0,65.0,6,36.0,18.0,4.833333333,1.857142857,10.5,1.0
81,1.0,2.0,3.0,3.0,3.0,1.0,2.0,2.0,3.0,3.0,100.0,99.0,1.0,50.0,11.0,0.47784996,6.0,42.0,6,41.0,17.0,6.5,2.142857143,9.5,2.0
82,1.0,1.0,2.0,3.0,3.0,1.0,1.0,1.0,2.0,2.0,,,,,,-0.301976348,4.0,60.0,5,,,,,11.5,2.0
83,2.0,2.0,2.0,2.0,2.0,3.0,3.0,3.0,3.0,3.0,45.0,21.0,55.0,98.0,11.0,-0.809625328,4.0,60.0,4,20.0,22.0,3.0,,12.0,2.0
84,2.0,3.0,3.0,3.0,3.0,2.0,3.0,3.0,3.0,3.0,88.0,58.0,20.0,33.0,8.0,0.345962024,4.0,49.0,5,,,,,5.0,1.0
85,3.0,3.0,3.0,3.0,3.0,3.0,3.0,3.0,3.0,3.0,100.0,100.0,100.0,100.0,11.0,-1.049502994,,26.0,5,33.0,49.0,6.0,1.0,13.5,1.0
86,1.0,1.0,2.0,2.0,3.0,1.0,1.0,2.0,2.0,3.0,81.0,10.0,60.0,51.0,11.0,-0.461860577,5.0,59.0,4,,,,,,1.0
87,1.0,1.0,3.0,3.0,3.0,1.0,1.0,3.0,3.0,3.0,30.0,0.0,85.0,20.0,1.0,-0.297775621,4.0,41.0,5,32.0,25.0,4.5,2.571428571,10.0,2.0
88,1.0,3.0,3.0,3.0,3.0,1.0,2.0,3.0,3.0,3.0,97.0,96.0,6.0,16.0,11.0,,6.0,58.0,7,38.0,23.0,5.166666667,1.0,12.0,1.0
89,1.0,1.0,2.0,3.0,3.0,2.0,2.0,3.0,3.0,3.0,50.0,29.0,81.0,10.0,11.0,-1.341275159,4.0,56.0,3,40.0,25.0,5.833333333,1.571428571,6.5,1.0
90,2.0,2.0,3.0,3.0,3.0,1.0,2.0,3.0,3.0,3.0,99.0,83.0,2.0,50.0,10.0,0.261973146,4.0,50.0,4,,,,,10.0,1.0
91,1.0,2.0,2.0,2.0,3.0,1.0,1.0,1.0,1.0,3.0,75.0,28.0,50.0,70.0,10.0,,1.0,49.0,3,31.0,22.0,4.833333333,2.428571429,9.5,2.0
92,2.0,2.0,3.0,3.0,3.0,2.0,2.0,2.0,3.0,3.0,100.0,70.0,3.0,80.0,11.0,-1.209387223,3.0,51.0,3,42.0,26.0,4.5,1.142857143,10.5,1.0
93,,,,,,,,,,,,,,,,,,63.0,6,36.0,19.0,5.5,2.0,11.5,1.0
94,2.0,2.0,2.0,2.0,3.0,2.0,2.0,3.0,3.0,3.0,80.0,60.0,50.0,20.0,9.0,0.741625833,5.0,66.0,6,36.0,17.0,3.666666667,3.142857143,12.5,1.0
95,,,,,,,,,,,,,,,,,,74.0,3,,,,,,1.0
96,3.0,3.0,3.0,3.0,3.0,3.0,3.0,3.0,3.0,3.0,100.0,97.0,3.0,83.0,11.0,-0.993407765,2.0,37.0,3,48.0,12.0,7.0,1.0,15.0,1.0
97,1.0,1.0,1.0,2.0,2.0,1.0,1.0,1.0,3.0,3.0,95.0,75.0,25.0,30.0,9.0,,3.0,56.0,2,36.0,18.0,5.5,2.0,12.0,2.0
98,,,,,,,,,,,,,,,,,,41.0,2,,,,,,2.0
99,1.0,1.0,1.0,2.0,3.0,1.0,1.0,1.0,1.0,3.0,90.0,50.0,60.0,91.0,10.0,-0.133690664,3.0,66.0,4,29.0,25.0,6.0,1.571428571,14.0,1.0
100,,,,,,,,,,,,,,,,,,33.0,6,33.0,22.0,5.0,3.0,10.0,1.0
101,,,,,,,,,,,,,,,,,,63.0,5,27.0,27.0,3.833333333,,9.5,1.0
102,1.0,1.0,2.0,3.0,3.0,1.0,1.0,2.0,3.0,3.0,98.0,96.0,3.0,3.0,10.0,1.429061809,8.0,64.0,5,30.0,22.0,6.333333333,1.142857143,15.0,1.0
103,,,,,,,,,,,100.0,60.0,81.0,69.0,11.0,,,49.0,5,35.0,18.0,5.166666667,2.0,,1.0
104,,,,,,,,,,,95.0,80.0,80.0,60.0,11.0,,,26.0,5,,,,,9.5,2.0
105,1.0,2.0,3.0,3.0,3.0,1.0,1.0,2.0,3.0,3.0,51.0,20.0,86.0,86.0,11.0,-0.221982912,7.0,39.0,5,38.0,21.0,5.666666667,2.142857143,12.0,2.0
106,,,,,,,,,,,,,,,,,,67.0,6,,,,,,2.0
107,2.0,2.0,2.0,3.0,3.0,1.0,1.0,1.0,2.0,3.0,,,,,,,5.0,42.0,6,37.0,12.0,6.5,1.714285714,14.5,1.0
108,,,,,,,,,,,,,,,,,,30.0,5,38.0,16.0,5.333333333,1.428571429,8.5,2.0
109,,,,,,,,,,,,,,,,,,70.0,3,,,,,,2.0
110,1.0,2.0,2.0,3.0,3.0,1.0,2.0,3.0,3.0,3.0,70.0,15.0,90.0,60.0,11.0,-0.677840035,4.0,35.0,2,37.0,20.0,5.0,2.142857143,7.0,2.0
111,1.0,1.0,2.0,2.0,3.0,1.0,1.0,2.0,2.0,3.0,0.0,0.0,100.0,20.0,6.0,0.078088066,4.0,62.0,2,27.0,14.0,5.5,1.428571429,15.0,2.0
112,,,,,,,,,,,,,,,,,,52.0,2,,,,,11.0,2.0
113,,,,,,,,,,,,,,,,,,58.0,5,,,,,,2.0
114,,,,,,,,,,,,,,,,,,33.0,5,,,,,,2.0
115,3.0,3.0,3.0,3.0,3.0,3.0,3.0,3.0,3.0,3.0,95.0,85.0,10.0,80.0,11.0,1.588946038,9.0,63.0,5,47.0,8.0,5.666666667,1.0,15.0,2.0
116,,,,,,,,,,,,,,,,,,29.0,4,,,,,,1.0
117,2.0,3.0,3.0,3.0,3.0,2.0,3.0,3.0,3.0,3.0,98.0,95.0,7.0,31.0,10.0,-0.701738243,5.0,46.0,5,,,,,10.5,2.0
118,,,,,,,,,,,71.0,50.0,20.0,72.0,8.0,,,28.0,5,,,,,,2.0
119,,,,,,,,,,,,,,,,,,22.0,5,,,,,13.0,2.0
120,1.0,1.0,2.0,3.0,3.0,1.0,1.0,2.0,3.0,3.0,91.0,38.0,39.0,58.0,11.0,-0.170088412,5.0,30.0,6,,,,,,
121,2.0,2.0,2.0,2.0,2.0,2.0,2.0,2.0,2.0,2.0,100.0,81.0,19.0,81.0,11.0,,4.0,47.0,6,32.0,27.0,5.333333333,2.571428571,11.5,2.0
122,,,,,,,,,,,92.0,60.0,21.0,30.0,11.0,,,53.0,4,,,,,,2.0
123,1.0,2.0,3.0,3.0,3.0,1.0,2.0,2.0,3.0,3.0,,,,,,-0.221982912,5.0,35.0,5,31.0,30.0,4.333333333,3.714285714,8.5,1.0
124,,,,,,,,,,,99.0,50.0,10.0,90.0,11.0,,,36.0,5,,,,,,1.0
125,,,,,,,,,,,100.0,75.0,15.0,95.0,11.0,,,46.0,3,,,,,,1.0
126,3.0,3.0,3.0,3.0,3.0,2.0,2.0,2.0,3.0,3.0,100.0,95.0,5.0,81.0,11.0,0.449853668,6.0,67.0,3,38.0,36.0,6.166666667,5.142857143,13.5,1.0
127,,,,,,,,,,,,,,,,,,45.0,5,,,,,,1.0
128,,,,,,,,,,,50.0,52.0,55.0,66.0,11.0,,,38.0,4,,,,,7.5,2.0
129,,,,,,,,,,,,,,,,,,65.0,2,,,,,,1.0
130,,,,,,,,,,,,,,,,,,50.0,5,34.0,18.0,4.166666667,2.142857143,7.5,2.0
131,2.0,2.0,2.0,2.0,2.0,2.0,2.0,2.0,2.0,2.0,,,,,,-1.12949643,3.0,61.0,2,10.0,7.0,4.0,,10.0,1.0
132,1.0,3.0,3.0,3.0,3.0,1.0,1.0,1.0,1.0,2.0,97.0,95.0,75.0,71.0,11.0,0.130085209,5.0,68.0,5,34.0,17.0,6.666666667,1.0,14.5,2.0
133,,,,,,,,,,,,,,,,,,35.0,4,,,,,,2.0
134,1.0,1.0,3.0,2.0,2.0,1.0,1.0,3.0,3.0,2.0,10.0,65.0,45.0,50.0,11.0,,3.0,39.0,2,22.0,22.0,6.166666667,1.571428571,9.0,1.0
135,,,,,,,,,,,91.0,85.0,29.0,93.0,10.0,,,46.0,5,,,,,,1.0
136,,,,,,,,,,,,,,,,,,32.0,6,37.0,20.0,4.5,1.857142857,9.0,1.0
137,1.0,1.0,2.0,3.0,3.0,2.0,2.0,3.0,3.0,3.0,,,,,,0.345962024,6.0,41.0,5,,,,,,2.0
138,2.0,2.0,3.0,3.0,3.0,2.0,2.0,3.0,3.0,3.0,,,,,,1.748830267,8.0,61.0,7,36.0,20.0,3.833333333,1.857142857,,2.0
139,,,,,,,,,,,,,,,,,,32.0,3,,,,,,1.0
140,3.0,3.0,3.0,3.0,3.0,2.0,3.0,3.0,3.0,3.0,100.0,100.0,1.0,50.0,11.0,1.10929335,7.0,65.0,6,49.0,18.0,6.0,1.0,11.0,1.0
141,3.0,3.0,3.0,3.0,3.0,1.0,1.0,1.0,3.0,3.0,,,,,,,5.0,26.0,3,,,,,8.0,1.0
142,3.0,3.0,3.0,3.0,3.0,2.0,3.0,3.0,3.0,3.0,99.0,99.0,1.0,20.0,11.0,-1.185489015,3.0,44.0,5,42.0,13.0,5.0,1.142857143,5.0,1.0
143,,,,,,,,,,,,,,,,,,56.0,3,,,,,,1.0
144,,,,,,,,,,,100.0,61.0,37.0,68.0,11.0,,,64.0,4,,,,,10.0,2.0
145,1.0,1.0,2.0,3.0,3.0,1.0,1.0,1.0,2.0,3.0,,,,,,1.10929335,7.0,68.0,6,38.0,16.0,3.333333333,1.571428571,8.5,1.0
146,1.0,2.0,3.0,3.0,3.0,1.0,2.0,3.0,3.0,3.0,95.0,85.0,15.0,30.0,11.0,-0.50955435,3.0,59.0,4,35.0,22.0,5.5,2.142857143,5.5,2.0
147,1.0,1.0,2.0,3.0,3.0,1.0,1.0,2.0,3.0,3.0,,,,,,0.47784996,7.0,73.0,5,42.0,14.0,5.5,1.285714286,15.0,1.0
148,1.0,1.0,2.0,3.0,3.0,1.0,1.0,2.0,3.0,3.0,75.0,25.0,10.0,75.0,10.0,-0.617544079,4.0,42.0,5,34.0,21.0,4.666666667,1.714285714,,1.0
149,1.0,1.0,2.0,2.0,3.0,1.0,2.0,2.0,3.0,3.0,,,,,,,3.0,33.0,2,,,,,8.5,2.0
150,1.0,1.0,1.0,2.0,3.0,1.0,1.0,1.0,3.0,3.0,50.0,20.0,80.0,60.0,9.0,1.269177579,6.0,47.0,5,44.0,16.0,4.166666667,3.571428571,4.0,2.0
151,2.0,2.0,2.0,3.0,3.0,1.0,1.0,1.0,2.0,3.0,95.0,90.0,80.0,49.0,10.0,,7.0,59.0,4,36.0,29.0,4.166666667,3.714285714,10.5,1.0
152,1.0,2.0,3.0,3.0,3.0,1.0,2.0,3.0,3.0,3.0,88.0,84.0,10.0,71.0,10.0,1.748830267,8.0,52.0,5,45.0,24.0,4.666666667,3.0,11.5,1.0
153,1.0,1.0,1.0,3.0,3.0,1.0,1.0,3.0,3.0,3.0,100.0,100.0,15.0,0.0,8.0,-0.353870849,6.0,64.0,2,30.0,17.0,4.666666667,2.285714286,9.0,2.0
154,1.0,1.0,1.0,2.0,2.0,1.0,1.0,1.0,1.0,1.0,100.0,28.0,38.0,9.0,10.0,-1.12949643,4.0,45.0,3,22.0,45.0,6.0,1.571428571,14.0,2.0
155,,,,,,,,,,,,,,,,,,46.0,3,,,,,,1.0
156,2.0,2.0,2.0,3.0,3.0,1.0,1.0,1.0,2.0,3.0,50.0,27.0,92.0,23.0,8.0,0.47784996,5.0,62.0,2,13.0,27.0,3.5,3.714285714,6.5,2.0
157,1.0,2.0,2.0,3.0,3.0,1.0,1.0,1.0,2.0,3.0,,,,,,0.709531456,6.0,40.0,6,,,,,,1.0
158,3.0,3.0,3.0,3.0,3.0,1.0,2.0,3.0,3.0,3.0,100.0,19.0,26.0,59.0,11.0,-0.781629036,4.0,28.0,6,39.0,25.0,4.333333333,1.428571429,11.0,1.0
159,3.0,3.0,3.0,3.0,3.0,3.0,3.0,3.0,3.0,3.0,86.0,51.0,50.0,70.0,11.0,,3.0,68.0,3,40.0,13.0,5.5,2.428571429,7.5,2.0
160,,,,,,,,,,,,,,,,,,20.0,3,18.0,35.0,5.333333333,2.142857143,,1.0
161,,,,,,,,,,,,,,,,,,59.0,3,,,,,,2.0
162,3.0,3.0,3.0,3.0,3.0,1.0,2.0,2.0,3.0,3.0,96.0,91.0,5.0,0.0,10.0,0.977405414,7.0,62.0,5,,,,,13.0,1.0
163,,,,,,,,,,,,,,,,,,67.0,3,,,,,,1.0
164,1.0,1.0,2.0,3.0,3.0,1.0,2.0,3.0,3.0,3.0,70.0,13.0,83.0,89.0,10.0,-0.081796163,4.0,61.0,3,39.0,15.0,5.5,1.428571429,7.5,2.0
165,2.0,2.0,2.0,2.0,2.0,2.0,2.0,2.0,2.0,2.0,80.0,70.0,40.0,50.0,11.0,1.165285935,7.0,62.0,3,35.0,22.0,5.333333333,2.142857143,12.5,2.0
166,,,,,,,,,,,,,,,,,,41.0,5,20.0,39.0,5.5,2.285714286,9.5,2.0
167,,,,,,,,,,,,,,,,,,37.0,5,,,,,,1.0
168,1.0,1.0,2.0,2.0,3.0,1.0,1.0,2.0,3.0,3.0,,,,,,0.609737897,7.0,57.0,5,32.0,26.0,4.666666667,2.0,8.0,2.0
169,1.0,2.0,3.0,3.0,3.0,1.0,2.0,3.0,3.0,3.0,92.0,85.0,8.0,83.0,10.0,0.261870503,6.0,58.0,5,41.0,16.0,4.333333333,2.285714286,12.0,1.0
170,1.0,1.0,1.0,3.0,3.0,1.0,1.0,1.0,3.0,3.0,,,,,,-0.781629036,2.0,69.0,5,32.0,33.0,5.833333333,4.428571429,8.5,1.0
171,,,,,,,,,,,,,,,,,,58.0,5,,,,,,1.0
172,,,,,,,,,,,,,,,,,,61.0,5,,,,,,2.0
173,3.0,3.0,3.0,3.0,3.0,2.0,2.0,2.0,2.0,2.0,,,,,,0.209976002,8.0,59.0,5,48.0,15.0,6.5,1.0,14.5,1.0
174,,,,,,,,,,,100.0,93.0,93.0,100.0,11.0,,,52.0,5,,,,,,2.0
175,1.0,1.0,2.0,3.0,3.0,1.0,1.0,2.0,3.0,3.0,,,,,,,6.0,50.0,3,43.0,18.0,5.166666667,1.714285714,14.0,1.0
176,,,,,,,,,,,,,,,,,,49.0,5,,,,,,2.0
177,,,,,,,,,,,79.0,77.0,71.0,91.0,11.0,,,55.0,3,17.0,29.0,4.833333333,3.571428571,,2.0
178,2.0,2.0,2.0,3.0,3.0,1.0,1.0,2.0,3.0,3.0,100.0,60.0,70.0,90.0,11.0,,4.0,74.0,5,39.0,11.0,3.833333333,1.571428571,,2.0
179,,,,,,,,,,,,,,,,,,40.0,3,,,,,,1.0
180,3.0,3.0,3.0,3.0,3.0,1.0,1.0,1.0,1.0,1.0,99.0,99.0,1.0,1.0,11.0,-0.749432015,6.0,69.0,7,39.0,21.0,7.0,1.142857143,15.0,2.0
181,2.0,2.0,1.0,1.0,2.0,,,1.0,2.0,3.0,,,,,,0.365762147,6.0,64.0,5,26.0,29.0,4.5,2.714285714,,1.0
182,,,,,,,,,,,71.0,42.0,38.0,57.0,11.0,,,64.0,5,,,,,6.0,2.0
183,,,,,,,,,,,,,,,,,,38.0,4,,,,,,1.0
184,,,,,,,,,,,82.0,18.0,100.0,100.0,11.0,,,58.0,3,,,,,10.0,2.0
185,1.0,1.0,1.0,1.0,3.0,1.0,2.0,2.0,2.0,3.0,82.0,82.0,0.0,0.0,8.0,-0.837724264,5.0,46.0,4,,,,,13.5,2.0
186,3.0,3.0,3.0,3.0,3.0,2.0,2.0,2.0,3.0,3.0,100.0,99.0,1.0,50.0,11.0,1.429061809,7.0,55.0,5,44.0,17.0,5.833333333,1.0,15.0,1.0
187,2.0,2.0,2.0,2.0,3.0,1.0,1.0,1.0,1.0,3.0,100.0,50.0,50.0,2.0,9.0,-1.049502994,3.0,73.0,2,22.0,40.0,6.166666667,1.285714286,15.0,1.0
188,2.0,2.0,3.0,3.0,3.0,1.0,2.0,2.0,3.0,3.0,,,,,,-0.861622472,4.0,60.0,2,34.0,27.0,5.333333333,3.142857143,11.5,1.0
189,,,,,,,,,,,,,,,,,,30.0,5,,,,,,2.0
190,1.0,1.0,1.0,1.0,3.0,1.0,1.0,1.0,2.0,3.0,15.0,0.0,90.0,40.0,8.0,-1.021506701,5.0,37.0,5,22.0,31.0,5.166666667,3.428571429,,1.0
191,,,,,,,,,,,,,,,,,,52.0,6,,,,,,1.0
192,,,,,,,,,,,,,,,,,,71.0,6,,,,,12.0,1.0
193,,,,,,,,,,,63.0,30.0,36.0,54.0,10.0,,,57.0,2,38.0,20.0,5.333333333,3.428571429,10.5,2.0
194,2.0,2.0,2.0,2.0,2.0,3.0,3.0,3.0,3.0,3.0,75.0,37.0,46.0,28.0,8.0,-1.18139093,6.0,55.0,3,30.0,22.0,5.0,2.428571429,11.5,2.0
195,2.0,2.0,3.0,3.0,3.0,1.0,1.0,2.0,3.0,3.0,60.0,30.0,70.0,40.0,8.0,-0.861622472,5.0,72.0,3,27.0,34.0,5.333333333,1.285714286,12.0,2.0
196,,,,,,,,,,,,,,,,,,60.0,3,,,,,,2.0
197,1.0,1.0,1.0,1.0,2.0,1.0,1.0,1.0,1.0,2.0,10.0,10.0,75.0,1.0,8.0,-1.049502994,3.0,60.0,5,40.0,9.0,3.833333333,3.571428571,7.5,2.0
198,1.0,1.0,1.0,2.0,2.0,1.0,1.0,1.0,1.0,2.0,14.0,0.0,0.0,85.0,11.0,-1.341275159,2.0,40.0,3,46.0,25.0,5.333333333,2.857142857,4.0,2.0
199,1.0,1.0,2.0,3.0,3.0,1.0,2.0,2.0,2.0,3.0,,,,,,-1.289380659,4.0,59.0,4,36.0,35.0,7.0,1.0,12.0,2.0
200,1.0,3.0,3.0,3.0,3.0,1.0,3.0,3.0,3.0,3.0,100.0,100.0,1.0,18.0,10.0,,6.0,27.0,3,34.0,25.0,5.5,3.571428571,13.5,1.0
201,1.0,2.0,3.0,3.0,3.0,1.0,1.0,2.0,2.0,3.0,90.0,75.0,13.0,50.0,8.0,,4.0,67.0,2,32.0,18.0,5.166666667,2.142857143,12.0,1.0
202,,,,,,,,,,,,,,,,,,46.0,5,,,,,,1.0
203,,,,,,,,,,,,,,,,,,57.0,3,30.0,28.0,4.833333333,1.714285714,,2.0
204,,,,,,,,,,,,,,,,,,22.0,5,,,,,,1.0
205,1.0,1.0,1.0,1.0,2.0,1.0,1.0,1.0,2.0,3.0,71.0,19.0,65.0,30.0,8.0,0.505846253,5.0,61.0,6,32.0,25.0,4.833333333,2.142857143,10.5,2.0
206,,,,,,,,,,,50.0,20.0,50.0,5.0,9.0,,,39.0,5,,,,,5.5,1.0
207,,,,,,,,,,,,,,,,,,54.0,5,42.0,15.0,4.0,3.0,,2.0
208,1.0,1.0,3.0,3.0,3.0,1.0,1.0,1.0,3.0,3.0,,,,,,0.214074087,4.0,54.0,3,,,,,,2.0
209,,,,,,,,,,,,,,,,,,41.0,3,,,,,4.5,2.0
210,,,,,,,,,,,,,,,,,,50.0,3,,,,,,1.0
211,,,,,,,,,,,,,,,,,,77.0,4,,,,,,2.0
212,,,,,,,,,,,,,,,,,,77.0,4,,,,,,2.0
213,,,,,,,,,,,,,,,,,,66.0,3,41.0,16.0,4.666666667,2.285714286,,2.0
214,1.0,1.0,1.0,2.0,3.0,1.0,1.0,1.0,2.0,3.0,50.0,20.0,50.0,40.0,9.0,1.005401706,6.0,64.0,5,42.0,11.0,2.666666667,3.857142857,,2.0
215,2.0,2.0,3.0,3.0,3.0,1.0,3.0,3.0,3.0,3.0,,,,,,-0.589547786,4.0,70.0,6,,,,,,2.0
216,,,,,,,,,,,,,,,,,,27.0,1,,,,,,3.0
217,1.0,1.0,1.0,2.0,3.0,1.0,1.0,1.0,3.0,3.0,79.0,40.0,53.0,71.0,11.0,-0.250081848,7.0,71.0,4,,,,,,1.0
218,2.0,2.0,2.0,2.0,2.0,3.0,3.0,3.0,3.0,3.0,,,,,,-0.889618764,5.0,49.0,4,31.0,15.0,4.0,1.0,13.0,2.0
219,1.0,1.0,3.0,3.0,3.0,2.0,3.0,3.0,3.0,3.0,,,,,,-0.9696122,3.0,23.0,4,,,,,,2.0
220,1.0,2.0,2.0,2.0,3.0,2.0,3.0,2.0,1.0,2.0,67.0,56.0,21.0,18.0,9.0,-0.701738243,5.0,57.0,5,27.0,31.0,4.333333333,4.571428571,7.5,1.0
221,3.0,3.0,3.0,3.0,3.0,2.0,2.0,3.0,3.0,3.0,50.0,0.0,100.0,20.0,7.0,-1.449264888,3.0,55.0,3,22.0,32.0,6.166666667,1.857142857,7.5,2.0
222,,,,,,,,,,,81.0,18.0,75.0,80.0,11.0,,,66.0,6,,,,,,2.0
223,1.0,1.0,2.0,2.0,2.0,2.0,2.0,2.0,3.0,3.0,,,,,,0.421857375,4.0,53.0,5,,,,,8.0,2.0
224,1.0,1.0,2.0,3.0,3.0,1.0,1.0,2.0,3.0,3.0,81.0,19.0,61.0,73.0,10.0,-1.18139093,6.0,41.0,5,39.0,10.0,6.333333333,1.0,11.5,2.0
225,3.0,3.0,3.0,3.0,3.0,3.0,3.0,3.0,3.0,3.0,100.0,100.0,0.0,0.0,11.0,-0.329972641,7.0,50.0,4,33.0,15.0,5.166666667,1.142857143,12.0,2.0
226,,,,,,,,,,,,,,,,,,64.0,3,,,,,,2.0
227,2.0,2.0,2.0,3.0,3.0,1.0,1.0,1.0,2.0,3.0,100.0,100.0,0.0,50.0,10.0,0.87351377,7.0,64.0,4,,,,,15.0,2.0
228,1.0,2.0,2.0,3.0,3.0,1.0,1.0,2.0,2.0,3.0,,,,,,-1.289380659,5.0,54.0,5,31.0,36.0,4.333333333,2.0,,1.0
229,2.0,2.0,2.0,3.0,3.0,2.0,2.0,3.0,3.0,3.0,100.0,100.0,50.0,90.0,9.0,-0.2655786,6.0,54.0,5,35.0,17.0,4.833333333,2.428571429,9.5,2.0
230,,,,,,,,,,,100.0,75.0,50.0,51.0,11.0,,,60.0,3,38.0,18.0,3.166666667,2.0,,1.0
231,,,,,,,,,,,,,,,,,,32.0,5,37.0,23.0,5.333333333,2.428571429,6.0,2.0
232,1.0,1.0,1.0,1.0,1.0,1.0,1.0,1.0,1.0,1.0,100.0,100.0,1.0,2.0,8.0,0.285871354,6.0,68.0,5,35.0,17.0,5.833333333,1.285714286,7.0,2.0
233,2.0,2.0,2.0,2.0,2.0,2.0,2.0,2.0,2.0,2.0,,,,,,1.748830267,5.0,52.0,7,,,,,11.0,1.0
234,,,,,,,,,,,,,,,,,,69.0,5,,,,,,1.0
235,,,,,,,,,,,40.0,75.0,50.0,50.0,8.0,,,36.0,3,,,,,,2.0
236,,,,,,,,,,,,,,,,,,43.0,5,,,,,,1.0
237,,,,,,,,,,,85.0,10.0,50.0,60.0,9.0,,,24.0,3,,,,,8.0,1.0
238,1.0,2.0,3.0,3.0,3.0,1.0,2.0,3.0,3.0,3.0,75.0,25.0,30.0,80.0,11.0,1.001303622,5.0,56.0,5,49.0,10.0,3.0,2.857142857,4.5,2.0
239,,,,,,,,,,,,,,,,,,30.0,3,,,,,,1.0
240,3.0,3.0,3.0,3.0,3.0,1.0,1.0,2.0,3.0,3.0,100.0,71.0,19.0,92.0,11.0,0.47784996,3.0,55.0,5,49.0,9.0,6.333333333,1.142857143,11.0,2.0
241,1.0,1.0,2.0,2.0,3.0,1.0,1.0,2.0,3.0,3.0,100.0,75.0,33.0,12.0,7.0,0.609737897,5.0,38.0,5,,,,,9.5,2.0
242,1.0,1.0,2.0,3.0,3.0,1.0,1.0,2.0,2.0,2.0,100.0,25.0,75.0,95.0,11.0,0.685633248,7.0,67.0,3,39.0,16.0,6.666666667,1.0,13.0,2.0
243,3.0,3.0,3.0,3.0,3.0,2.0,2.0,2.0,3.0,3.0,,,,,,0.769622126,6.0,58.0,5,40.0,10.0,5.0,1.571428571,7.0,2.0
244,2.0,2.0,3.0,3.0,3.0,1.0,1.0,1.0,2.0,3.0,100.0,100.0,1.0,0.0,8.0,0.637734189,6.0,61.0,5,40.0,16.0,6.0,1.142857143,,2.0
245,,,,,,,,,,,91.0,76.0,60.0,61.0,11.0,,,76.0,6,26.0,32.0,4.666666667,2.857142857,12.0,1.0
246,1.0,1.0,2.0,3.0,3.0,1.0,1.0,2.0,3.0,3.0,36.0,64.0,85.0,65.0,11.0,1.429061809,7.0,49.0,5,37.0,20.0,6.166666667,1.285714286,12.5,1.0
247,1.0,1.0,2.0,3.0,3.0,,,,,3.0,,,,,,0.87351377,5.0,49.0,5,,,,,11.0,1.0
248,1.0,1.0,1.0,1.0,1.0,3.0,3.0,3.0,3.0,3.0,90.0,75.0,60.0,20.0,8.0,0.186077794,5.0,69.0,6,32.0,28.0,4.833333333,3.0,9.5,1.0
249,1.0,1.0,2.0,3.0,3.0,1.0,1.0,2.0,3.0,3.0,93.0,71.0,70.0,62.0,10.0,0.47784996,7.0,58.0,6,31.0,29.0,5.333333333,2.0,11.5,1.0
250,2.0,2.0,2.0,2.0,3.0,2.0,2.0,2.0,2.0,3.0,,,,,,-1.12949643,7.0,51.0,3,,,,,,2.0
251,2.0,2.0,2.0,2.0,2.0,2.0,2.0,2.0,2.0,2.0,100.0,100.0,0.0,0.0,1.0,0.289866795,7.0,54.0,4,25.0,25.0,7.0,1.0,15.0,1.0
252,,,,,,,,,,,40.0,9.0,89.0,32.0,9.0,,,35.0,5,,,,,,1.0
253,,,,,,,,,,,86.0,10.0,100.0,60.0,11.0,,,30.0,6,,,,,13.5,2.0
254,1.0,1.0,1.0,1.0,1.0,1.0,1.0,1.0,2.0,2.0,40.0,19.0,85.0,20.0,6.0,-0.649741099,3.0,58.0,3,29.0,22.0,4.166666667,2.428571429,7.0,2.0
255,,,,,,,,,,,,,,,,,,63.0,3,,,,,,1.0
256,1.0,1.0,1.0,2.0,3.0,1.0,1.0,2.0,3.0,3.0,0.0,0.0,100.0,0.0,8.0,-0.349670121,4.0,54.0,3,34.0,23.0,4.833333333,1.428571429,13.0,2.0
257,3.0,3.0,3.0,3.0,3.0,1.0,1.0,1.0,1.0,2.0,52.0,29.0,52.0,54.0,11.0,0.845517477,5.0,58.0,2,40.0,19.0,7.0,1.0,11.5,2.0
258,1.0,1.0,1.0,3.0,3.0,1.0,1.0,1.0,2.0,3.0,85.0,8.0,1.0,80.0,11.0,1.137289643,7.0,60.0,5,42.0,10.0,6.666666667,1.142857143,14.5,1.0
259,,,,,,,,,,,,,,,,,,68.0,2,,,,,,1.0
260,1.0,1.0,1.0,1.0,1.0,3.0,3.0,3.0,3.0,3.0,100.0,100.0,100.0,0.0,1.0,-0.105694371,2.0,54.0,4,41.0,23.0,5.666666667,2.0,3.0,1.0
261,,,,,,,,,,,,,,,,,,60.0,5,43.0,10.0,6.0,1.0,13.5,2.0
262,,,,,,,,,,,,,,,,,,51.0,3,33.0,23.0,3.833333333,2.0,,2.0
263,2.0,2.0,2.0,2.0,2.0,2.0,2.0,2.0,2.0,2.0,,,,,,-1.289380659,4.0,42.0,3,32.0,20.0,6.666666667,1.714285714,3.0,2.0
264,3.0,3.0,3.0,3.0,3.0,3.0,3.0,3.0,3.0,3.0,,,,,,0.533842545,7.0,67.0,6,38.0,22.0,6.5,1.0,,2.0
265,3.0,3.0,3.0,3.0,3.0,1.0,2.0,2.0,2.0,3.0,50.0,40.0,19.0,9.0,11.0,0.317965731,7.0,54.0,5,46.0,13.0,5.833333333,1.714285714,,1.0
266,,,,,,,,,,,100.0,77.0,61.0,80.0,10.0,,,42.0,6,,,,,,2.0
267,,,,,,,,,,,,,,,,,,69.0,5,,,,,,1.0
268,3.0,3.0,3.0,3.0,3.0,1.0,3.0,3.0,3.0,3.0,99.0,94.0,5.0,70.0,9.0,0.769622126,7.0,44.0,6,40.0,22.0,6.666666667,1.571428571,11.0,2.0
269,,,,,,,,,,,,,,,,,,41.0,7,42.0,35.0,6.166666667,1.857142857,,2.0
270,2.0,2.0,2.0,2.0,2.0,1.0,1.0,1.0,1.0,1.0,80.0,82.0,19.0,51.0,11.0,-0.301873705,,63.0,2,32.0,32.0,6.166666667,1.0,14.5,2.0
271,,,,,,,,,,,,,,,,,,44.0,6,,,,,,2.0
272,3.0,3.0,3.0,3.0,3.0,3.0,3.0,3.0,3.0,3.0,,,,,,-0.409966077,6.0,24.0,5,,,,,,2.0
273,,,,,,,,,,,,,,,,,,44.0,3,22.0,36.0,5.5,1.428571429,,2.0
274,1.0,1.0,1.0,2.0,2.0,1.0,1.0,1.0,2.0,2.0,91.0,82.0,23.0,30.0,8.0,0.949409121,6.0,77.0,3,31.0,26.0,6.166666667,1.285714286,14.0,1.0
275,,,,,3.0,,,,,2.0,100.0,60.0,100.0,50.0,11.0,1.165285935,6.0,47.0,3,,,,,,2.0
276,2.0,2.0,2.0,2.0,2.0,2.0,2.0,2.0,3.0,3.0,42.0,40.0,71.0,50.0,11.0,-1.449264888,4.0,51.0,5,49.0,10.0,4.166666667,2.0,12.5,2.0
277,1.0,1.0,1.0,1.0,1.0,1.0,1.0,1.0,1.0,1.0,0.0,100.0,0.0,0.0,10.0,-0.9696122,3.0,43.0,3,13.0,39.0,6.666666667,1.571428571,6.5,2.0
278,,,,,,,,,,,,,,,,,,43.0,3,,,,,,2.0
279,1.0,1.0,2.0,3.0,3.0,1.0,1.0,1.0,1.0,2.0,95.0,5.0,30.0,70.0,11.0,,5.0,65.0,3,33.0,15.0,6.5,1.571428571,,2.0
280,1.0,2.0,3.0,3.0,3.0,1.0,2.0,3.0,3.0,3.0,,,,,,0.529744461,7.0,50.0,7,44.0,16.0,4.666666667,1.142857143,10.5,2.0
281,3.0,3.0,3.0,3.0,3.0,2.0,3.0,3.0,3.0,3.0,,,,,,,7.0,33.0,5,39.0,22.0,6.166666667,2.0,,2.0
282,,,,,,,,,,,0.0,,72.0,0.0,1.0,,,54.0,6,,,,,,2.0
283,3.0,3.0,3.0,3.0,3.0,1.0,2.0,3.0,3.0,3.0,92.0,93.0,9.0,31.0,11.0,-0.373568329,2.0,50.0,3,35.0,14.0,5.333333333,1.428571429,8.0,2.0
284,,,,,,,,,,,100.0,100.0,1.0,0.0,11.0,,,51.0,2,40.0,22.0,6.166666667,1.0,11.0,2.0
285,,,,,,,,,,,50.0,10.0,75.0,80.0,11.0,,,74.0,5,35.0,29.0,3.5,2.142857143,7.0,2.0
286,1.0,2.0,3.0,3.0,3.0,3.0,3.0,3.0,3.0,3.0,90.0,50.0,60.0,15.0,10.0,,1.0,28.0,3,,,,,,1.0
287,,,,,,,,,,,,,,,,,,61.0,6,,,,,,1.0
288,1.0,1.0,1.0,1.0,1.0,1.0,1.0,1.0,1.0,1.0,,,,,,-1.449264888,2.0,24.0,2,43.0,9.0,5.833333333,1.0,4.0,2.0
289,2.0,2.0,2.0,3.0,3.0,,,,,3.0,75.0,34.0,25.0,75.0,9.0,,,61.0,4,30.0,20.0,3.833333333,1.857142857,13.5,2.0
290,,,,,,,,,,,,,,,,,,54.0,3,,,,,,2.0
291,1.0,1.0,1.0,3.0,3.0,1.0,1.0,1.0,3.0,3.0,,,,,,1.297173872,6.0,39.0,6,49.0,8.0,7.0,1.0,,2.0
292,,,,,,,,,,,,,,,,,,23.0,3,,,,,,1.0
293,3.0,3.0,3.0,3.0,3.0,1.0,1.0,2.0,3.0,3.0,100.0,100.0,2.0,0.0,8.0,-1.017305973,3.0,51.0,3,33.0,25.0,6.5,1.428571429,5.0,1.0
294,,,,,,,,,,,,,,,,,,59.0,4,,,,,,1.0
295,,,,,,,,,,,,,,,,,,32.0,5,,,,,,2.0
296,,,,,,,,,,,,,,,,,,61.0,5,,,,,,2.0
297,,,,,,,,,,,,,,,,,,42.0,3,,,,,,2.0
298,,,,,,,,,,,81.0,49.0,50.0,28.0,9.0,,,70.0,7,,,,,,1.0
299,1.0,1.0,3.0,3.0,3.0,2.0,2.0,3.0,3.0,3.0,51.0,30.0,71.0,100.0,11.0,,8.0,70.0,4,33.0,15.0,6.333333333,1.428571429,14.0,2.0
300,2.0,3.0,3.0,3.0,3.0,1.0,3.0,3.0,3.0,3.0,52.0,71.0,60.0,71.0,10.0,0.92540827,6.0,55.0,5,39.0,23.0,7.0,1.0,12.0,2.0
301,,,,,,,,,,,,,,,,,,42.0,3,,,,,,2.0
302,1.0,1.0,1.0,2.0,3.0,1.0,1.0,1.0,2.0,2.0,80.0,60.0,60.0,70.0,10.0,-1.449264888,3.0,62.0,3,35.0,17.0,3.333333333,3.714285714,4.0,2.0
303,,,,,,,,,,,,,,,,,,34.0,5,,,,,,1.0
304,,,,,,,,,,,,,,,,,,26.0,5,,,,,,1.0
305,3.0,3.0,3.0,3.0,3.0,3.0,3.0,3.0,3.0,3.0,81.0,3.0,30.0,90.0,9.0,-1.021506701,3.0,74.0,5,37.0,18.0,4.666666667,2.857142857,7.5,1.0
306,3.0,3.0,3.0,3.0,3.0,1.0,1.0,1.0,1.0,1.0,,,,,,,4.0,50.0,5,,,,,,1.0
307,,,,,,,,,,,,,,,,,,37.0,6,,,,,,1.0
308,,,,,,,,,,,,,,,,,,24.0,6,,,,,,2.0
309,,,,,,,,,,,,,,,,,,20.0,3,16.0,39.0,2.333333333,4.142857143,10.0,1.0
310,1.0,1.0,2.0,2.0,3.0,1.0,1.0,2.0,3.0,3.0,95.0,70.0,25.0,75.0,10.0,0.050091773,5.0,62.0,3,35.0,17.0,6.0,1.0,14.0,2.0
311,2.0,2.0,2.0,2.0,2.0,1.0,2.0,2.0,2.0,2.0,,,,,,1.748830267,9.0,41.0,6,47.0,17.0,5.166666667,1.714285714,14.0,1.0
312,2.0,3.0,3.0,3.0,3.0,1.0,2.0,3.0,3.0,3.0,,,,,10.0,-0.189785892,5.0,71.0,5,,14.0,6.0,1.0,15.0,1.0
313,,,,,,,,,,,100.0,50.0,1.0,40.0,11.0,,,57.0,3,36.0,17.0,3.833333333,2.571428571,12.0,2.0
314,1.0,2.0,2.0,3.0,3.0,1.0,2.0,2.0,3.0,3.0,100.0,51.0,50.0,60.0,11.0,1.269177579,5.0,57.0,4,41.0,13.0,5.833333333,2.142857143,15.0,2.0
315,2.0,2.0,2.0,2.0,2.0,1.0,1.0,1.0,1.0,3.0,75.0,95.0,1.0,0.0,6.0,-0.569850306,3.0,67.0,3,24.0,34.0,4.5,1.857142857,7.0,1.0
316,1.0,1.0,1.0,1.0,2.0,1.0,1.0,1.0,1.0,1.0,10.0,40.0,100.0,1.0,8.0,-0.513755078,3.0,63.0,3,34.0,22.0,6.333333333,2.142857143,10.0,2.0
317,,,,,,,,,,,,,,,,,,45.0,2,,,,,,1.0
318,2.0,2.0,2.0,3.0,3.0,1.0,1.0,1.0,2.0,2.0,30.0,30.0,40.0,50.0,9.0,,5.0,55.0,5,47.0,18.0,5.5,2.142857143,14.0,2.0
319,,,,,,,,,,,,,,,,,,29.0,4,,,,,,1.0
320,2.0,2.0,3.0,3.0,3.0,1.0,1.0,1.0,1.0,2.0,95.0,42.0,37.0,73.0,9.0,-0.541751371,4.0,59.0,5,37.0,14.0,5.166666667,1.428571429,11.0,1.0
321,1.0,1.0,2.0,3.0,3.0,1.0,1.0,2.0,3.0,3.0,,,,,,-0.537653286,2.0,55.0,2,,,,,4.0,2.0
322,1.0,1.0,1.0,2.0,2.0,2.0,2.0,2.0,2.0,3.0,60.0,41.0,81.0,60.0,8.0,0.609737897,8.0,65.0,5,19.0,35.0,6.0,1.142857143,13.5,2.0
323,,,,,,,,,,,,,,,,,,24.0,6,,,,,,2.0
324,3.0,3.0,3.0,3.0,3.0,1.0,2.0,3.0,3.0,3.0,,,,,,,4.0,72.0,6,40.0,17.0,4.0,2.142857143,,2.0
325,,,,,,,,,,,,,,,,,,61.0,7,,,,,11.0,1.0
326,,,,,,,,,,,,,,,,,,40.0,5,,,,,8.5,1.0
327,1.0,1.0,1.0,2.0,3.0,1.0,1.0,2.0,2.0,2.0,,,,,,,6.0,60.0,2,33.0,22.0,6.166666667,2.571428571,7.0,2.0
328,1.0,2.0,3.0,3.0,3.0,1.0,2.0,3.0,3.0,3.0,90.0,9.0,19.0,51.0,11.0,-0.941513265,2.0,33.0,5,37.0,18.0,5.5,1.428571429,11.0,2.0
329,3.0,3.0,3.0,3.0,3.0,2.0,2.0,2.0,3.0,3.0,100.0,85.0,85.0,55.0,11.0,0.237972295,6.0,61.0,4,48.0,21.0,6.833333333,1.142857143,11.5,1.0
330,,,,,,,,,,,,,,,,,,35.0,2,,,,,,2.0
331,1.0,1.0,2.0,3.0,3.0,1.0,2.0,2.0,3.0,3.0,50.0,25.0,50.0,46.0,10.0,,6.0,51.0,2,35.0,24.0,5.333333333,2.142857143,6.5,2.0
332,,,,,,,,,,,,,,,,,,42.0,2,,,,,7.5,2.0
333,,,,,,,,,,,,,,,,,,49.0,4,,,,,,1.0
334,2.0,2.0,3.0,3.0,3.0,3.0,3.0,3.0,3.0,3.0,75.0,40.0,40.0,65.0,9.0,-0.43796237,5.0,57.0,4,,,,,,2.0
335,,,,,,,,,,,,,,,,,,44.0,6,,,,,,2.0
336,1.0,1.0,2.0,3.0,3.0,2.0,2.0,2.0,3.0,3.0,19.0,23.0,5.0,14.0,10.0,0.149782689,5.0,40.0,3,,,,,8.5,2.0
337,,,,,,,,,,,,,,,,,,26.0,5,,,,,,2.0
338,,,,,,,,,,,40.0,10.0,10.0,100.0,10.0,,,58.0,6,,,,,,2.0
339,,,,,,,,,,,,,,,,,,69.0,4,,,,,,2.0
340,1.0,1.0,2.0,2.0,2.0,2.0,2.0,2.0,2.0,2.0,61.0,65.0,49.0,41.0,10.0,-1.289380659,6.0,68.0,6,,,,,,2.0
341,,,,,,,,,,,,,,,,,,35.0,7,,,,,,2.0
342,2.0,2.0,3.0,3.0,3.0,2.0,2.0,3.0,3.0,3.0,90.0,40.0,45.0,70.0,10.0,-0.565649578,5.0,32.0,5,33.0,22.0,5.0,2.285714286,9.5,1.0
343,3.0,3.0,3.0,3.0,3.0,1.0,1.0,2.0,3.0,3.0,100.0,92.0,99.0,0.0,1.0,0.47784996,3.0,58.0,5,48.0,13.0,,4.714285714,4.0,1.0
344,2.0,2.0,3.0,3.0,3.0,2.0,2.0,2.0,3.0,3.0,100.0,100.0,0.0,80.0,8.0,,1.0,29.0,3,32.0,28.0,3.333333333,4.285714286,3.5,2.0
345,,,2.0,1.0,3.0,,,1.0,2.0,3.0,72.0,28.0,60.0,77.0,11.0,1.588946038,7.0,31.0,7,22.0,24.0,6.0,1.142857143,13.5,1.0
346,2.0,2.0,3.0,3.0,3.0,2.0,2.0,3.0,3.0,3.0,81.0,81.0,0.0,80.0,7.0,-0.165887684,6.0,70.0,3,36.0,16.0,5.333333333,1.142857143,12.0,1.0
347,,,,,,,,,,,75.0,50.0,10.0,20.0,8.0,,,61.0,6,,,,,,1.0
348,,,,,,,,,,,,,,,,,,68.0,3,,,,,,2.0
349,1.0,2.0,3.0,3.0,3.0,2.0,3.0,3.0,3.0,3.0,100.0,100.0,5.0,100.0,11.0,-0.405765349,5.0,67.0,3,38.0,25.0,5.833333333,3.571428571,14.5,2.0
350,,,,,,,,,,,,,,,,,,64.0,6,,,,,,2.0
351,,,,,,,,,,,,,,,,,,63.0,3,38.0,11.0,6.0,1.142857143,,1.0
352,,,,,,,,,,,,,,,,,,62.0,3,,,,,,2.0
353,,,,,,,,,,,,,,,,,,69.0,5,34.0,19.0,5.833333333,1.714285714,11.5,1.0
354,1.0,1.0,2.0,2.0,3.0,1.0,1.0,2.0,2.0,3.0,40.0,0.0,50.0,25.0,10.0,-1.449264888,2.0,76.0,6,38.0,26.0,5.333333333,1.285714286,13.5,2.0
355,1.0,1.0,3.0,3.0,3.0,1.0,2.0,3.0,3.0,3.0,,,,,,0.045891046,7.0,58.0,6,31.0,23.0,4.666666667,1.142857143,12.0,2.0
356,3.0,3.0,3.0,3.0,3.0,1.0,1.0,2.0,3.0,3.0,71.0,72.0,42.0,62.0,9.0,0.789524892,5.0,72.0,6,,12.0,5.333333333,2.142857143,6.5,2.0
357,1.0,1.0,2.0,3.0,3.0,2.0,2.0,2.0,3.0,3.0,79.0,54.0,53.0,39.0,9.0,1.748830267,9.0,52.0,6,42.0,15.0,4.666666667,1.0,13.5,2.0
358,3.0,3.0,3.0,3.0,3.0,1.0,2.0,3.0,3.0,3.0,50.0,0.0,40.0,0.0,8.0,-0.649741099,3.0,51.0,3,45.0,16.0,5.333333333,1.857142857,12.0,1.0
359,2.0,2.0,3.0,3.0,3.0,2.0,3.0,3.0,3.0,3.0,99.0,2.0,50.0,51.0,11.0,0.341863939,4.0,63.0,5,46.0,11.0,7.0,1.0,7.5,2.0
360,,,,,,,,,,,,,,,,,,73.0,4,,,,,,2.0
361,1.0,1.0,2.0,3.0,3.0,1.0,2.0,3.0,3.0,3.0,,,,,,-0.43796237,4.0,35.0,5,45.0,15.0,6.833333333,1.0,15.0,2.0
362,2.0,2.0,3.0,3.0,3.0,1.0,2.0,2.0,3.0,3.0,100.0,95.0,5.0,86.0,10.0,-0.673639307,7.0,75.0,6,37.0,19.0,4.333333333,2.571428571,11.5,1.0
363,2.0,2.0,3.0,3.0,3.0,1.0,2.0,3.0,3.0,3.0,,,,,,1.588946038,8.0,69.0,5,36.0,21.0,4.333333333,2.0,10.5,1.0
364,1.0,1.0,2.0,2.0,3.0,1.0,2.0,2.0,2.0,3.0,90.0,90.0,10.0,30.0,11.0,0.901510062,7.0,44.0,3,35.0,23.0,5.666666667,1.857142857,13.0,1.0
365,1.0,2.0,2.0,3.0,3.0,1.0,2.0,2.0,3.0,3.0,,,,,,-0.293574893,3.0,58.0,3,38.0,19.0,4.0,1.428571429,7.5,1.0
366,,,,,,,,,,,,,,,,,,52.0,5,,,,,,2.0
367,1.0,1.0,1.0,3.0,3.0,1.0,1.0,1.0,3.0,3.0,40.0,29.0,,,10.0,-1.289380659,7.0,68.0,2,23.0,36.0,5.0,1.857142857,8.5,1.0
368,,,,,,,,,,,,,,,,,,75.0,7,,,,,,1.0
369,1.0,1.0,2.0,3.0,3.0,1.0,1.0,2.0,2.0,3.0,91.0,92.0,11.0,19.0,10.0,1.269177579,6.0,67.0,6,,,,,9.5,2.0
370,2.0,2.0,3.0,3.0,3.0,2.0,2.0,3.0,3.0,3.0,94.0,60.0,50.0,71.0,10.0,0.337663211,6.0,60.0,6,48.0,11.0,7.0,1.0,14.5,2.0
371,2.0,2.0,3.0,3.0,3.0,1.0,1.0,2.0,3.0,3.0,,,,,,1.137289643,6.0,54.0,5,35.0,19.0,3.0,1.0,10.0,2.0
372,,,,,,,,,,,,,,,,,,69.0,5,,,,,,1.0
373,1.0,1.0,1.0,2.0,2.0,1.0,1.0,1.0,2.0,3.0,,,,,,0.553745311,4.0,72.0,5,33.0,23.0,1.333333333,1.142857143,6.5,1.0
374,3.0,3.0,3.0,3.0,3.0,2.0,2.0,2.0,3.0,3.0,100.0,40.0,80.0,10.0,6.0,-0.429560914,5.0,59.0,7,29.0,18.0,1.5,1.428571429,5.5,2.0
375,,,,,,,,,,,,,,,,,,53.0,5,,,,,,2.0
376,1.0,1.0,2.0,3.0,3.0,1.0,1.0,2.0,2.0,2.0,99.0,100.0,98.0,25.0,8.0,,4.0,40.0,3,,,,,,2.0
377,,,,,,,,,,,,,,,,,,27.0,6,,,,,,1.0
378,2.0,2.0,2.0,2.0,2.0,1.0,1.0,1.0,1.0,1.0,100.0,100.0,0.0,100.0,8.0,,6.0,54.0,5,30.0,36.0,6.0,2.714285714,11.0,1.0
379,1.0,2.0,3.0,3.0,3.0,3.0,3.0,3.0,3.0,3.0,100.0,75.0,75.0,80.0,11.0,-0.118193911,6.0,24.0,6,46.0,19.0,5.666666667,1.0,7.5,1.0
380,2.0,2.0,3.0,3.0,3.0,2.0,3.0,3.0,3.0,3.0,87.0,34.0,27.0,70.0,11.0,-0.377769057,5.0,51.0,5,35.0,21.0,5.666666667,2.714285714,,1.0
381,2.0,2.0,2.0,2.0,2.0,2.0,2.0,2.0,2.0,2.0,,,,,,,5.0,48.0,3,,,,,,2.0
382,3.0,3.0,3.0,3.0,3.0,1.0,2.0,3.0,3.0,3.0,99.0,62.0,3.0,54.0,11.0,-0.377769057,5.0,38.0,4,37.0,9.0,5.5,1.428571429,11.0,2.0
383,1.0,1.0,2.0,3.0,3.0,1.0,1.0,2.0,3.0,3.0,87.0,37.0,82.0,40.0,9.0,-0.2655786,3.0,72.0,5,34.0,19.0,5.833333333,1.857142857,9.0,1.0
384,1.0,1.0,1.0,1.0,1.0,1.0,1.0,2.0,2.0,2.0,48.0,0.0,84.0,100.0,8.0,0.449853668,7.0,63.0,4,39.0,19.0,6.5,1.0,,2.0
385,,,,,,,,,,,,,,,,,,21.0,2,,,,,,1.0
386,2.0,2.0,2.0,2.0,3.0,2.0,2.0,2.0,2.0,3.0,41.0,41.0,50.0,70.0,11.0,-1.12949643,3.0,55.0,2,,,,,4.0,1.0
387,,,,,,,,,,,76.0,65.0,81.0,54.0,9.0,,,51.0,6,,,,,11.5,2.0
388,1.0,1.0,3.0,3.0,3.0,1.0,1.0,2.0,2.0,2.0,80.0,80.0,3.0,29.0,9.0,0.129982566,6.0,59.0,6,41.0,20.0,2.833333333,2.0,10.5,1.0
389,,,,,,,,,,,,,,,,,,34.0,5,,,,,,2.0
390,1.0,2.0,3.0,3.0,3.0,1.0,1.0,2.0,3.0,3.0,73.0,30.0,70.0,29.0,8.0,0.949409121,8.0,56.0,6,48.0,12.0,4.333333333,1.857142857,10.5,2.0
391,1.0,2.0,3.0,3.0,3.0,2.0,2.0,2.0,2.0,2.0,100.0,70.0,20.0,41.0,11.0,-0.48985687,4.0,63.0,5,,,,,13.5,1.0
392,,,,,,,,,,,,,,,,,,39.0,5,,,,,,2.0
393,3.0,3.0,3.0,3.0,3.0,1.0,2.0,3.0,3.0,3.0,,,,,,,7.0,56.0,4,,,,,,1.0
394,,,,,,,,,,,,,,,,,,64.0,7,,,,,,1.0
395,,,,,,,,,,,88.0,7.0,80.0,29.0,10.0,,,59.0,4,,,,,,2.0
396,,,,,,,,,,,,,,,,,,53.0,5,,,,,,1.0
397,1.0,1.0,2.0,3.0,3.0,1.0,2.0,2.0,3.0,3.0,100.0,80.0,20.0,70.0,8.0,-0.293574893,3.0,64.0,3,47.0,11.0,5.166666667,1.0,7.0,1.0
398,3.0,3.0,3.0,3.0,3.0,2.0,2.0,2.0,2.0,2.0,,,,,,,3.0,65.0,2,,,,,9.0,1.0
399,,,,,,,,,,,,,,,,,,60.0,4,,,,,,2.0
400,,,,,,,,,,,,,,,,,,35.0,5,,,,,,1.0
401,,,,,,,,,,,51.0,50.0,1.0,1.0,8.0,,,59.0,5,,,,,,1.0
402,2.0,2.0,2.0,3.0,3.0,1.0,2.0,3.0,3.0,3.0,100.0,70.0,40.0,30.0,11.0,0.177778982,5.0,63.0,5,35.0,20.0,3.5,2.571428571,12.5,2.0
403,,,,,,,,,,,,,,,,,,62.0,5,,,,,13.0,1.0
404,3.0,3.0,3.0,3.0,3.0,1.0,1.0,2.0,3.0,3.0,50.0,5.0,10.0,10.0,11.0,-1.049502994,3.0,61.0,3,22.0,37.0,7.0,1.0,12.5,1.0
405,,,,,,,,,,,,,,,,,,33.0,5,40.0,,5.0,3.857142857,9.0,1.0
406,1.0,2.0,3.0,3.0,3.0,1.0,2.0,2.0,3.0,3.0,80.0,70.0,20.0,10.0,9.0,-0.161789599,4.0,53.0,5,21.0,37.0,5.5,1.714285714,8.0,2.0
407,,,,,,,,,,,100.0,50.0,50.0,30.0,11.0,,,57.0,3,34.0,12.0,5.0,2.571428571,6.5,2.0
408,,,,,,,,,,,,,,,,,,44.0,5,,,,,,2.0
409,,,,,,,,,,,,,,,,,,60.0,4,,,,,,1.0
410,,,,,,,,,,,,,,,,,,52.0,4,49.0,10.0,4.166666667,2.0,,1.0
411,,,,,,,,,,,,,,,,,,60.0,7,,,,,,2.0
412,1.0,1.0,2.0,2.0,3.0,1.0,1.0,2.0,2.0,3.0,70.0,5.0,75.0,30.0,10.0,,3.0,71.0,5,36.0,20.0,5.833333333,1.0,10.5,2.0
413,,,,,,,,,,,,,,,,,,62.0,3,,,,,,2.0
414,2.0,3.0,3.0,3.0,3.0,1.0,2.0,2.0,3.0,3.0,70.0,25.0,30.0,25.0,8.0,-0.649843742,3.0,33.0,5,43.0,19.0,5.333333333,2.714285714,6.0,1.0
415,,,,,,,,,,,,,,,,,,52.0,3,46.0,12.0,4.5,1.0,,2.0
416,1.0,3.0,3.0,3.0,3.0,1.0,1.0,2.0,3.0,3.0,40.0,82.0,64.0,72.0,9.0,1.269177579,4.0,63.0,5,31.0,25.0,5.333333333,1.0,7.5,2.0
417,1.0,1.0,1.0,2.0,3.0,2.0,2.0,2.0,3.0,3.0,,,,,,-0.19398662,6.0,25.0,6,31.0,24.0,4.833333333,2.571428571,13.5,2.0
418,,,,,,,,,,,,,,,,,,38.0,5,,,,,,1.0
419,1.0,1.0,1.0,2.0,2.0,1.0,1.0,1.0,2.0,3.0,80.0,15.0,60.0,100.0,11.0,0.073989981,6.0,68.0,3,29.0,37.0,6.0,2.142857143,13.5,2.0
420,2.0,2.0,3.0,3.0,3.0,3.0,3.0,3.0,3.0,3.0,100.0,99.0,2.0,75.0,11.0,1.485054394,6.0,52.0,5,,13.0,6.666666667,1.142857143,15.0,1.0
421,,,,,,,,,,,,,,,,,,68.0,5,,,,,13.5,2.0
422,1.0,2.0,2.0,3.0,3.0,1.0,1.0,2.0,2.0,3.0,97.0,95.0,5.0,65.0,10.0,0.186077794,7.0,58.0,3,32.0,42.0,6.333333333,1.857142857,13.0,1.0
423,,,,,,,,,,,,,,,,,,53.0,6,,,,,,2.0
424,3.0,3.0,3.0,3.0,3.0,1.0,1.0,1.0,3.0,3.0,100.0,51.0,50.0,51.0,8.0,0.637734189,7.0,65.0,5,36.0,20.0,6.5,1.571428571,,1.0
425,1.0,2.0,1.0,2.0,3.0,2.0,1.0,1.0,2.0,2.0,30.0,46.0,23.0,33.0,7.0,-1.18139093,5.0,32.0,3,37.0,37.0,5.666666667,5.428571429,9.5,1.0
426,1.0,1.0,1.0,1.0,2.0,1.0,1.0,1.0,2.0,2.0,100.0,0.0,95.0,85.0,1.0,0.421857375,4.0,57.0,7,48.0,10.0,3.0,2.142857143,,2.0
427,2.0,2.0,1.0,3.0,2.0,2.0,2.0,2.0,2.0,2.0,52.0,48.0,40.0,51.0,8.0,-0.409863434,8.0,45.0,2,21.0,27.0,4.333333333,3.285714286,8.0,1.0
428,2.0,2.0,2.0,2.0,2.0,2.0,2.0,2.0,2.0,2.0,100.0,96.0,2.0,100.0,11.0,,6.0,61.0,3,31.0,18.0,6.0,1.0,9.0,2.0
429,,,,,,,,,,,,,,,,,,42.0,5,,,,,,2.0
430,2.0,3.0,3.0,3.0,3.0,2.0,2.0,3.0,3.0,3.0,,,,,,0.47784996,5.0,63.0,5,39.0,16.0,7.0,1.0,,1.0
431,2.0,2.0,2.0,2.0,2.0,2.0,2.0,1.0,1.0,1.0,,,,,,-0.941513265,5.0,53.0,3,30.0,25.0,5.333333333,3.0,12.0,1.0
432,,,,,,,,,,,,,,,,,,49.0,6,42.0,20.0,7.0,1.857142857,14.0,1.0
433,,,,,,,,,,,,,,,,,,39.0,7,,,,,,2.0
434,,,,,,,,,,,,,,,,,,60.0,5,,,,,,1.0
435,,,,,,,,,,,,,,,,,,60.0,5,,,,,,2.0
436,,,,,,,,,,,100.0,97.0,3.0,50.0,10.0,,,41.0,5,,,,,,2.0
437,1.0,1.0,2.0,3.0,3.0,1.0,1.0,1.0,3.0,3.0,99.0,95.0,8.0,77.0,11.0,0.449853668,7.0,50.0,4,38.0,26.0,6.666666667,1.142857143,10.0,2.0
438,,,,,,,,,,,,,,,,,,53.0,3,,,,,,2.0
439,1.0,1.0,2.0,3.0,3.0,1.0,1.0,2.0,2.0,2.0,100.0,85.0,1.0,51.0,11.0,0.949409121,7.0,66.0,3,35.0,26.0,5.5,2.428571429,12.0,1.0
440,,,,,,,,,,,,,,,,,,62.0,3,28.0,34.0,4.166666667,2.0,8.5,2.0
441,1.0,2.0,3.0,3.0,3.0,1.0,2.0,3.0,3.0,3.0,100.0,100.0,1.0,0.0,1.0,,4.0,59.0,3,39.0,18.0,6.666666667,1.142857143,12.0,1.0
442,1.0,1.0,2.0,3.0,3.0,1.0,1.0,2.0,3.0,3.0,,,,,,0.949409121,6.0,69.0,6,37.0,18.0,3.833333333,3.0,6.5,1.0
443,1.0,1.0,1.0,1.0,1.0,1.0,1.0,1.0,1.0,1.0,100.0,100.0,0.0,0.0,1.0,-0.729734535,3.0,32.0,3,43.0,21.0,7.0,1.142857143,4.0,1.0
444,,,,,,,,,,,,,,,,,,65.0,2,,,,,,2.0
445,3.0,3.0,3.0,3.0,3.0,2.0,2.0,3.0,3.0,3.0,50.0,50.0,50.0,60.0,11.0,,5.0,31.0,5,36.0,21.0,3.333333333,2.142857143,5.0,2.0
446,,,,,,,,,,,91.0,10.0,50.0,50.0,11.0,,,54.0,3,38.0,24.0,5.666666667,1.285714286,8.0,1.0
447,1.0,1.0,2.0,2.0,3.0,1.0,1.0,1.0,2.0,3.0,,,,,,,5.0,59.0,5,35.0,18.0,6.5,1.0,15.0,2.0
448,1.0,1.0,2.0,3.0,3.0,1.0,1.0,2.0,3.0,3.0,75.0,75.0,10.0,10.0,6.0,1.485054394,8.0,49.0,5,31.0,32.0,6.5,1.857142857,14.0,1.0
449,2.0,2.0,2.0,2.0,2.0,1.0,2.0,3.0,3.0,3.0,100.0,50.0,1.0,79.0,11.0,0.665730482,7.0,40.0,7,42.0,20.0,5.5,2.285714286,8.0,1.0
450,,,,,,,,,,,,,,,,,,27.0,5,37.0,20.0,3.833333333,3.571428571,,2.0
451,1.0,1.0,1.0,1.0,2.0,1.0,1.0,1.0,1.0,2.0,71.0,71.0,31.0,20.0,6.0,0.549544584,6.0,48.0,5,30.0,35.0,6.0,2.142857143,9.0,2.0
452,2.0,3.0,3.0,3.0,3.0,2.0,3.0,3.0,3.0,3.0,89.0,82.0,16.0,84.0,11.0,1.588946038,7.0,43.0,5,41.0,16.0,6.0,1.0,12.0,2.0
453,1.0,2.0,3.0,3.0,3.0,1.0,1.0,2.0,3.0,3.0,92.0,68.0,18.0,66.0,10.0,1.221278521,9.0,53.0,7,42.0,14.0,5.833333333,1.428571429,9.0,1.0
454,1.0,1.0,3.0,3.0,3.0,1.0,1.0,2.0,3.0,3.0,92.0,71.0,30.0,71.0,11.0,-0.701738243,3.0,41.0,5,43.0,9.0,5.0,1.142857143,8.0,2.0
455,,,,,,,,,,,,,,,,,,53.0,5,,,,,,1.0
456,,,,,,,,,,,,,,,,,,44.0,4,,,,,,1.0
457,1.0,2.0,3.0,3.0,3.0,1.0,1.0,1.0,2.0,3.0,99.0,90.0,9.0,80.0,10.0,-0.141989476,7.0,69.0,5,,,,,,2.0
458,2.0,3.0,3.0,3.0,3.0,3.0,3.0,3.0,3.0,3.0,50.0,50.0,0.0,92.0,11.0,,5.0,46.0,4,37.0,18.0,5.5,1.285714286,12.5,1.0
459,,,,,,,,,,,91.0,76.0,9.0,10.0,10.0,,,64.0,5,34.0,20.0,6.0,1.0,14.5,1.0
460,,,,,,,,,,,,,,,,,,30.0,5,,,,,,1.0
461,1.0,1.0,1.0,2.0,3.0,1.0,1.0,1.0,2.0,2.0,,,,,,-0.057897955,6.0,73.0,3,23.0,17.0,6.166666667,1.571428571,10.0,2.0
462,1.0,1.0,2.0,3.0,3.0,1.0,1.0,1.0,1.0,3.0,70.0,70.0,70.0,50.0,9.0,0.87351377,7.0,77.0,3,44.0,11.0,4.833333333,2.428571429,10.5,1.0
463,,,,,,,,,,,,,,,,,,77.0,3,,,,,,2.0
464,2.0,3.0,3.0,3.0,3.0,1.0,1.0,3.0,3.0,3.0,,,,,,,3.0,19.0,2,31.0,26.0,5.5,1.0,7.0,1.0
465,1.0,1.0,2.0,2.0,3.0,1.0,1.0,2.0,2.0,3.0,70.0,20.0,70.0,0.0,8.0,-1.289380659,3.0,34.0,3,,,,,,1.0
466,,,,,,,,,,,,,,,,,,59.0,5,,,,,,2.0
467,2.0,2.0,3.0,3.0,3.0,1.0,2.0,3.0,3.0,3.0,98.0,89.0,2.0,82.0,11.0,-0.353870849,4.0,33.0,2,36.0,14.0,4.0,2.714285714,4.0,1.0
468,2.0,2.0,2.0,2.0,2.0,3.0,3.0,3.0,3.0,3.0,,,,,,-0.02979902,3.0,60.0,5,26.0,34.0,4.333333333,3.0,10.0,2.0
469,,,,,,,,,,,,,,,,,,68.0,2,,,,,,2.0
470,,,,,,,,,,,,,,,,,,25.0,6,,,,,,2.0
471,1.0,1.0,1.0,1.0,1.0,1.0,1.0,1.0,2.0,2.0,100.0,100.0,1.0,1.0,11.0,0.929506355,6.0,56.0,3,14.0,47.0,6.333333333,1.0,15.0,2.0
472,3.0,3.0,3.0,3.0,3.0,2.0,2.0,2.0,3.0,3.0,91.0,80.0,15.0,80.0,11.0,,6.0,45.0,5,38.0,21.0,5.833333333,1.0,12.0,2.0
473,2.0,1.0,2.0,2.0,3.0,3.0,3.0,3.0,3.0,3.0,51.0,55.0,24.0,52.0,10.0,,5.0,62.0,5,28.0,21.0,4.5,2.571428571,9.5,1.0
474,,,,,,,,,,,,,,,,,,65.0,3,29.0,25.0,3.333333333,2.571428571,10.0,1.0
475,2.0,2.0,3.0,3.0,3.0,2.0,2.0,3.0,3.0,3.0,,,,,,,7.0,62.0,7,42.0,22.0,6.0,2.0,11.5,1.0
476,2.0,3.0,3.0,3.0,3.0,1.0,2.0,3.0,3.0,3.0,,,,,,-0.301873705,6.0,22.0,5,,,,,,1.0
477,2.0,2.0,2.0,2.0,2.0,2.0,2.0,2.0,2.0,2.0,95.0,1.0,85.0,1.0,1.0,,5.0,26.0,3,48.0,10.0,2.5,3.571428571,3.0,1.0
478,3.0,3.0,3.0,3.0,3.0,2.0,3.0,3.0,3.0,3.0,100.0,100.0,15.0,55.0,11.0,-0.561448851,4.0,72.0,3,,,,,,2.0
479,,,,,,,,,,,,,,,,,,54.0,3,41.0,18.0,4.833333333,,6.5,2.0
480,,,,,,,,,,,,,,,,,,44.0,6,,,,,,1.0
481,,,,,,,,,,,,,,,,,,50.0,4,,,,,,2.0
482,3.0,,,,,2.0,2.0,2.0,2.0,2.0,45.0,85.0,79.0,85.0,11.0,-0.189785892,6.0,50.0,5,32.0,29.0,5.166666667,3.714285714,,1.0
483,1.0,1.0,1.0,1.0,3.0,1.0,2.0,2.0,3.0,3.0,,,,,,-0.729734535,5.0,21.0,3,,,,,,1.0
484,,,,,,,,,,,,,,,,,,47.0,3,,,,,,2.0
485,2.0,3.0,3.0,3.0,3.0,1.0,2.0,3.0,3.0,3.0,,,,,,1.10929335,7.0,47.0,6,49.0,12.0,4.833333333,1.571428571,,2.0
486,,,,,,,,,,,90.0,90.0,10.0,5.0,6.0,,,71.0,3,,,,,,1.0
487,1.0,1.0,1.0,1.0,2.0,1.0,1.0,2.0,2.0,3.0,,,,,,0.158081502,6.0,62.0,6,38.0,14.0,4.5,1.857142857,,2.0
488,,,,,,,,,,,,,,,,,,42.0,2,,,,,,1.0
489,1.0,1.0,2.0,2.0,3.0,1.0,1.0,1.0,1.0,2.0,100.0,10.0,90.0,100.0,6.0,1.588946038,7.0,55.0,7,37.0,23.0,3.5,3.714285714,6.5,2.0
490,,,,,,,,,,,,,,,,,,52.0,6,,,,,,1.0
491,1.0,2.0,2.0,3.0,3.0,1.0,1.0,2.0,3.0,3.0,90.0,75.0,50.0,20.0,10.0,0.609737897,6.0,30.0,5,33.0,23.0,5.0,2.285714286,9.0,1.0
492,,,,,,,,,,,,,,,,,,40.0,3,,,,,,1.0
493,,,,,,,,,,,,,,,,,,64.0,5,,,,,,2.0
494,,,,,,,,,,,,,,,,,,31.0,5,,,,,,1.0
495,,,,,,,,,,,99.0,80.0,10.0,1.0,11.0,,,29.0,5,,,,,,1.0
496,,,,,,,,,,,,,,,,,,68.0,5,34.0,28.0,4.666666667,1.714285714,11.0,1.0
497,2.0,2.0,2.0,3.0,3.0,1.0,1.0,1.0,2.0,3.0,100.0,100.0,0.0,61.0,8.0,0.186077794,7.0,59.0,5,36.0,16.0,6.166666667,1.285714286,9.0,2.0
498,,,,,,,,,,,,,,,,,,28.0,5,49.0,16.0,6.333333333,1.0,,1.0
499,,,,,,,,,,,,,,,,,,50.0,3,,,,,,1.0
500,1.0,3.0,3.0,3.0,3.0,1.0,1.0,1.0,1.0,2.0,100.0,98.0,5.0,100.0,11.0,1.137289643,8.0,50.0,6,,,,,,1.0
501,1.0,1.0,1.0,1.0,3.0,1.0,1.0,1.0,2.0,3.0,100.0,100.0,82.0,81.0,11.0,,6.0,35.0,6,32.0,33.0,5.5,5.571428571,8.5,1.0
502,1.0,1.0,3.0,3.0,3.0,1.0,1.0,1.0,3.0,3.0,55.0,46.0,35.0,30.0,8.0,0.069789253,6.0,33.0,5,43.0,14.0,5.666666667,1.142857143,14.0,1.0
503,1.0,1.0,1.0,2.0,3.0,1.0,2.0,2.0,3.0,3.0,82.0,4.0,60.0,26.0,9.0,-0.697537515,5.0,60.0,3,24.0,34.0,3.833333333,2.285714286,7.5,1.0
504,,,,,,,,,,,,,,,,,,29.0,3,,,,,,2.0
505,1.0,2.0,2.0,3.0,3.0,2.0,2.0,2.0,2.0,2.0,80.0,30.0,40.0,54.0,10.0,0.341863939,6.0,56.0,5,34.0,23.0,5.0,1.714285714,12.5,2.0
506,2.0,3.0,3.0,3.0,3.0,1.0,3.0,3.0,3.0,3.0,100.0,0.0,20.0,60.0,11.0,,5.0,65.0,5,40.0,18.0,4.5,2.571428571,9.5,2.0
507,,,,,,,,,,,,,,,,,,40.0,5,,,,,,2.0
508,3.0,3.0,3.0,3.0,3.0,1.0,1.0,2.0,2.0,2.0,,,,,,0.901510062,6.0,25.0,6,36.0,11.0,5.833333333,1.714285714,8.0,1.0
509,2.0,2.0,3.0,3.0,3.0,2.0,2.0,2.0,3.0,3.0,90.0,25.0,40.0,80.0,9.0,1.748830267,9.0,54.0,6,36.0,9.0,5.5,1.0,13.5,1.0
510,,,,,,,,,,,44.0,40.0,100.0,0.0,1.0,,,43.0,2,,,,,,1.0
511,1.0,2.0,2.0,3.0,3.0,1.0,2.0,2.0,3.0,3.0,,,,,,0.901510062,7.0,44.0,5,36.0,21.0,5.0,2.142857143,9.0,1.0
512,3.0,3.0,3.0,3.0,3.0,1.0,3.0,3.0,3.0,3.0,,,,,,0.186077794,6.0,52.0,5,43.0,14.0,5.666666667,1.285714286,9.0,1.0
513,1.0,1.0,3.0,3.0,3.0,1.0,2.0,2.0,2.0,2.0,100.0,100.0,0.0,0.0,11.0,0.054189858,5.0,33.0,3,21.0,38.0,6.333333333,3.0,,1.0
514,1.0,1.0,2.0,3.0,3.0,1.0,1.0,2.0,3.0,3.0,100.0,30.0,30.0,70.0,9.0,,6.0,27.0,5,42.0,12.0,5.166666667,1.428571429,7.5,2.0
515,,,,,,,,,,,,,,,,,,68.0,6,,,,,,2.0
516,,,,,,,,,,,,,,,,,,33.0,4,,,,,,1.0
517,,,,,,,,,,,80.0,80.0,80.0,10.0,8.0,,,69.0,3,,,,,,1.0
518,2.0,2.0,3.0,3.0,3.0,3.0,3.0,3.0,3.0,3.0,60.0,20.0,50.0,82.0,11.0,,8.0,65.0,6,49.0,8.0,6.166666667,1.0,13.0,1.0
519,,,,,,,,,,,,,,,,,,56.0,2,,,,,,2.0
520,1.0,2.0,3.0,3.0,3.0,1.0,1.0,2.0,3.0,3.0,95.0,62.0,22.0,47.0,10.0,-0.805527244,3.0,39.0,3,38.0,18.0,3.833333333,2.428571429,7.0,2.0
521,,,,,,,,,,,,,,,,,,25.0,7,,,,,,2.0
522,,,,,,,,,,,40.0,11.0,50.0,67.0,9.0,,,71.0,6,25.0,29.0,5.333333333,2.428571429,11.0,1.0
523,,,,,,,,,,,,,,,,,,34.0,6,,,,,,1.0
524,2.0,2.0,2.0,2.0,2.0,1.0,1.0,2.0,3.0,3.0,62.0,51.0,83.0,51.0,8.0,0.345962024,5.0,59.0,6,39.0,25.0,4.5,2.571428571,10.0,2.0
525,1.0,1.0,2.0,3.0,3.0,1.0,1.0,2.0,3.0,3.0,50.0,25.0,61.0,50.0,9.0,1.588946038,7.0,63.0,5,30.0,19.0,3.5,2.571428571,6.0,2.0
526,,,,,,,,,,,,,,,,,,28.0,1,,,,,,1.0
527,1.0,1.0,1.0,1.0,3.0,1.0,1.0,2.0,2.0,3.0,50.0,50.0,72.0,50.0,9.0,0.397856524,4.0,44.0,2,26.0,35.0,4.0,2.857142857,9.0,2.0
528,,,,,,,,,,,,,,,,,,60.0,5,,,,,,2.0
529,,,,,,,,,,,,,,,,,,27.0,2,,,,,,2.0
530,3.0,3.0,2.0,1.0,1.0,1.0,1.0,1.0,2.0,2.0,,,,,,,4.0,55.0,5,43.0,25.0,7.0,1.0,,2.0
531,,,,,,,,,,,,,,,,,,66.0,5,,,,,,1.0
532,3.0,3.0,3.0,3.0,3.0,1.0,3.0,3.0,3.0,3.0,,,,,,-0.621744807,3.0,30.0,2,29.0,20.0,4.666666667,2.571428571,,1.0
533,,,,,,,,,,,,,,,,,,49.0,2,,,,,8.5,1.0
534,,,,,,,,,,,,,,,,,,22.0,5,,,,,9.0,2.0
535,,,,,,,,,,,,,,,,,,51.0,6,,,,,,1.0
536,1.0,3.0,3.0,3.0,3.0,1.0,2.0,3.0,3.0,3.0,,,,,,0.661632397,7.0,68.0,5,,,,,,1.0
537,2.0,2.0,2.0,2.0,3.0,2.0,2.0,2.0,2.0,3.0,74.0,59.0,25.0,60.0,8.0,0.657636955,6.0,61.0,5,35.0,22.0,6.0,2.0,12.0,2.0
538,1.0,1.0,1.0,2.0,3.0,1.0,1.0,1.0,2.0,3.0,75.0,28.0,25.0,39.0,7.0,0.026193565,7.0,52.0,4,39.0,32.0,6.5,3.0,11.0,2.0
539,,,,,,,,,,,,,,,,,,65.0,4,,,,,,2.0
540,,,,,,,,,,,0.0,100.0,30.0,0.0,1.0,,,53.0,5,,,,,,1.0
541,1.0,2.0,3.0,3.0,3.0,1.0,1.0,1.0,2.0,3.0,99.0,95.0,60.0,0.0,1.0,,4.0,73.0,4,34.0,25.0,5.5,2.0,7.5,1.0
542,1.0,1.0,1.0,1.0,1.0,2.0,2.0,2.0,2.0,2.0,,,,,,0.449853668,5.0,49.0,6,37.0,16.0,5.5,,13.5,2.0
543,1.0,2.0,3.0,3.0,3.0,1.0,2.0,3.0,3.0,3.0,97.0,87.0,20.0,60.0,10.0,,6.0,62.0,5,31.0,22.0,5.666666667,1.571428571,11.5,2.0
544,,,,,,,,,,,,,,,,,,21.0,5,,,,,,1.0
545,1.0,1.0,3.0,3.0,3.0,1.0,2.0,3.0,3.0,3.0,,,,,,,7.0,64.0,6,,,,,,1.0
546,3.0,3.0,3.0,3.0,3.0,2.0,2.0,2.0,3.0,3.0,76.0,61.0,50.0,70.0,11.0,,6.0,63.0,5,38.0,11.0,3.0,1.714285714,8.5,1.0
547,1.0,2.0,2.0,3.0,3.0,2.0,2.0,2.0,3.0,3.0,92.0,3.0,,,10.0,0.317965731,5.0,67.0,6,44.0,27.0,6.5,1.0,,2.0
548,1.0,1.0,3.0,3.0,3.0,1.0,1.0,1.0,2.0,3.0,,,,,,-0.381867141,5.0,40.0,3,36.0,25.0,4.5,3.142857143,8.5,1.0
549,1.0,3.0,3.0,3.0,3.0,1.0,1.0,2.0,3.0,3.0,95.0,85.0,10.0,20.0,11.0,-0.993407765,7.0,24.0,5,,,6.666666667,1.571428571,5.5,1.0
550,3.0,3.0,3.0,3.0,3.0,1.0,1.0,2.0,2.0,3.0,,,,,,,7.0,62.0,6,39.0,19.0,6.833333333,1.0,12.0,1.0
551,1.0,2.0,2.0,3.0,3.0,2.0,2.0,3.0,3.0,3.0,,,,,,1.588946038,7.0,60.0,5,33.0,24.0,5.0,2.857142857,,2.0
552,1.0,1.0,2.0,3.0,3.0,1.0,1.0,2.0,3.0,3.0,100.0,92.0,4.0,51.0,10.0,0.261870503,8.0,49.0,7,34.0,25.0,4.5,3.857142857,11.5,1.0
553,1.0,2.0,2.0,3.0,3.0,2.0,2.0,3.0,3.0,3.0,80.0,50.0,5.0,90.0,11.0,1.588946038,8.0,45.0,7,40.0,16.0,3.833333333,2.571428571,,2.0
554,,,,,,,,,,,,,,,,,,44.0,5,,,,,,1.0
555,1.0,3.0,3.0,3.0,3.0,1.0,2.0,3.0,3.0,3.0,100.0,50.0,10.0,80.0,11.0,,6.0,32.0,5,49.0,7.0,7.0,1.0,11.5,2.0
556,1.0,1.0,2.0,3.0,3.0,1.0,1.0,1.0,2.0,2.0,,,,,,-1.289380659,4.0,60.0,6,,,,,9.5,2.0
557,,,,,,,,,,,53.0,41.0,41.0,43.0,8.0,,,19.0,3,41.0,38.0,4.5,4.428571429,,2.0
558,1.0,2.0,3.0,3.0,3.0,1.0,2.0,3.0,3.0,3.0,100.0,95.0,5.0,15.0,10.0,-0.729631892,3.0,22.0,3,49.0,12.0,6.333333333,2.0,3.0,1.0
559,,,,,,,,,,,,,,,,,,30.0,7,,,,,14.5,1.0
560,,,,,,,,,,,,,,,,,,60.0,5,,,,,,1.0
561,2.0,2.0,3.0,3.0,3.0,2.0,3.0,3.0,3.0,3.0,95.0,85.0,12.0,70.0,10.0,-1.341275159,4.0,30.0,4,39.0,14.0,5.333333333,1.857142857,,2.0
562,1.0,1.0,1.0,3.0,3.0,1.0,1.0,1.0,3.0,3.0,100.0,100.0,0.0,0.0,1.0,1.748830267,7.0,32.0,7,,,,,11.0,2.0
563,,,,,,,,,,,,,,,,,,28.0,5,,,,,,1.0
564,2.0,2.0,3.0,3.0,3.0,2.0,2.0,3.0,3.0,3.0,80.0,20.0,80.0,35.0,11.0,,6.0,62.0,2,40.0,16.0,4.333333333,2.0,8.0,2.0
565,,,,,,,,,,,100.0,80.0,30.0,5.0,11.0,,,41.0,5,,,,,,1.0
566,,,,,,,,,,,,,,,,,,62.0,4,,,,,,2.0
567,,,,,,,,,,,,,,,,,,20.0,3,35.0,34.0,5.833333333,5.571428571,,2.0
568,,,,,,,,,,,,,,,,,,62.0,2,38.0,23.0,5.5,4.571428571,6.0,2.0
569,1.0,2.0,2.0,3.0,3.0,1.0,2.0,2.0,3.0,3.0,,,,,,-0.621744807,4.0,45.0,4,25.0,27.0,3.5,3.714285714,7.0,2.0
570,1.0,2.0,3.0,3.0,3.0,3.0,3.0,3.0,3.0,3.0,,,,,,-0.329972641,6.0,22.0,3,,,,,,1.0
571,,,,,,,,,,,,,,,,,,46.0,5,,,,,,1.0
572,,,,,,,,,,,,,,,,,,42.0,6,,,,,,1.0
573,,,,,,,,,,,,,,,,,,25.0,3,,,,,,1.0
574,,,,,,,,,,,,,,,,,,60.0,7,,,,,,2.0
575,1.0,1.0,2.0,3.0,3.0,1.0,2.0,3.0,3.0,3.0,,,,,,0.661632397,5.0,36.0,5,,,,,,1.0
576,1.0,1.0,1.0,2.0,3.0,1.0,1.0,1.0,2.0,3.0,,,,,,1.165285935,6.0,47.0,5,49.0,8.0,6.0,2.0,15.0,1.0
577,3.0,3.0,3.0,3.0,3.0,1.0,2.0,3.0,3.0,3.0,95.0,91.0,13.0,84.0,11.0,1.748830267,7.0,34.0,6,40.0,13.0,6.333333333,1.571428571,12.5,2.0
578,3.0,3.0,3.0,3.0,3.0,1.0,3.0,3.0,3.0,3.0,100.0,100.0,0.0,0.0,1.0,-0.861519829,2.0,64.0,5,41.0,22.0,5.333333333,1.0,6.5,1.0
579,1.0,1.0,2.0,3.0,3.0,1.0,1.0,2.0,3.0,3.0,100.0,60.0,32.0,50.0,7.0,,4.0,25.0,4,,,,,11.0,2.0
580,,,,,,,,,,,43.0,45.0,49.0,50.0,10.0,,,21.0,3,28.0,24.0,3.333333333,4.0,9.5,1.0
581,,,,,,,,,,,,,,,,,,23.0,3,,,,,,1.0
582,1.0,2.0,2.0,2.0,3.0,1.0,1.0,1.0,2.0,3.0,98.0,93.0,4.0,74.0,11.0,0.073989981,5.0,31.0,6,45.0,12.0,6.666666667,1.571428571,4.0,2.0
583,1.0,1.0,1.0,3.0,3.0,1.0,1.0,3.0,3.0,3.0,95.0,85.0,30.0,0.0,1.0,-0.597846599,5.0,41.0,5,14.0,46.0,4.0,2.285714286,5.5,1.0
584,2.0,2.0,2.0,3.0,3.0,3.0,3.0,3.0,3.0,3.0,100.0,51.0,80.0,100.0,11.0,,7.0,43.0,4,36.0,24.0,5.5,,14.0,2.0
585,,,,,,,,,,,,,,,,,,47.0,5,41.0,8.0,5.5,1.857142857,,2.0
586,,,,,,,,,,,,,,,,,,42.0,4,37.0,20.0,5.833333333,2.285714286,14.5,2.0
587,2.0,2.0,2.0,3.0,3.0,2.0,2.0,2.0,3.0,3.0,,,,,,-0.293574893,6.0,61.0,4,33.0,34.0,5.5,2.428571429,12.0,2.0
588,,,,,,,,,,,,,,,,,,36.0,5,,,,,,2.0
589,,,,,,,,,,,,,,,,,,21.0,3,,,,,,2.0
590,,,,,,,,,,,,,,,,,,40.0,6,,,,,,1.0
591,,,,,,,,,,,,,,,,,,44.0,2,,,,,9.0,2.0
592,,,,,,,,,,,,,,,,,,24.0,5,,,,,,1.0
593,,,,,,,,,,,,,,,,,,31.0,3,,,,,,3.0
594,1.0,1.0,1.0,2.0,2.0,1.0,1.0,2.0,2.0,3.0,95.0,75.0,10.0,65.0,11.0,1.165285935,5.0,37.0,5,47.0,20.0,7.0,1.428571429,6.0,2.0
595,,,,,,,,,,,,,,,,,,27.0,3,,,,,,2.0
596,1.0,3.0,3.0,3.0,3.0,1.0,1.0,3.0,3.0,3.0,57.0,56.0,66.0,58.0,8.0,-0.9696122,3.0,37.0,5,,,,,,1.0
597,1.0,1.0,2.0,2.0,3.0,1.0,1.0,1.0,3.0,3.0,90.0,55.0,25.0,60.0,10.0,1.748830267,8.0,55.0,6,46.0,12.0,6.5,1.0,13.0,2.0
598,1.0,1.0,2.0,3.0,3.0,1.0,1.0,2.0,3.0,3.0,,,,,,0.501748168,7.0,59.0,5,35.0,26.0,6.5,1.428571429,,1.0
599,1.0,1.0,2.0,2.0,3.0,2.0,2.0,2.0,3.0,3.0,,,,,,-1.185489015,4.0,61.0,5,,,,,4.0,2.0
600,2.0,3.0,3.0,3.0,3.0,2.0,2.0,2.0,3.0,3.0,100.0,8.0,90.0,90.0,10.0,1.165285935,7.0,58.0,5,39.0,24.0,4.5,1.142857143,14.0,1.0
601,,,,,,,,,,,,,,,,,,46.0,6,,,,,,2.0
602,,,,,,,,,,,,,,,,,,51.0,7,37.0,38.0,5.666666667,1.428571429,,1.0
603,,,,,,,,,,,,,,,,,,21.0,3,,,,,,1.0
604,1.0,1.0,3.0,3.0,3.0,1.0,1.0,2.0,2.0,3.0,,,,,,,5.0,26.0,6,,,,,,1.0
605,,,,,,,,,,,,,,,,,,39.0,3,,,,,,1.0
606,3.0,3.0,3.0,3.0,3.0,2.0,2.0,3.0,3.0,3.0,95.0,15.0,15.0,20.0,9.0,-0.673639307,3.0,56.0,3,36.0,10.0,3.166666667,2.0,10.5,1.0
607,,,,,,,,,,,,,,,,,,20.0,3,42.0,21.0,5.5,1.571428571,8.5,1.0
608,,,,,,,,,,,,,,,,,,62.0,6,,,,,,2.0
609,,,,,,,,,,,,,,,,,,33.0,6,,,,,,2.0
610,1.0,1.0,1.0,2.0,3.0,1.0,2.0,2.0,3.0,3.0,10.0,20.0,4.0,0.0,1.0,1.429061809,6.0,69.0,6,43.0,13.0,4.833333333,1.857142857,8.5,1.0
611,1.0,1.0,1.0,2.0,3.0,1.0,1.0,1.0,2.0,3.0,,,,,,0.186077794,5.0,59.0,3,,,,,12.5,2.0
612,,,,,,,,,,,,,,,,,,64.0,5,,,,,,2.0
613,,,,,,,,,,,,,,,,,,68.0,6,,,,,,1.0
614,1.0,1.0,3.0,3.0,3.0,1.0,1.0,3.0,3.0,3.0,,,,,,0.261870503,6.0,32.0,6,,,,,,2.0
615,,,,,,,,,,,,,,,,,,33.0,5,,,,,13.5,1.0
616,1.0,1.0,3.0,3.0,3.0,1.0,1.0,3.0,3.0,3.0,,,,,,0.47784996,6.0,36.0,6,,,,,,1.0
617,,,,,,,,,,,,,,,,,,54.0,5,,,,,,1.0
618,,,,,,,,,,,,,,,,,,65.0,5,,,,,,1.0
619,2.0,2.0,1.0,1.0,1.0,1.0,1.0,1.0,1.0,1.0,,,,,,-0.001802727,6.0,69.0,2,35.0,40.0,5.833333333,5.428571429,10.5,2.0
620,,,,,,,,,,,100.0,49.0,30.0,51.0,11.0,,,62.0,6,43.0,20.0,4.5,3.571428571,,2.0
621,,,,,,,,,,,,,,,,,,30.0,6,,,,,,2.0
622,,,,,,,,,,,,,,,,,,50.0,4,44.0,19.0,5.166666667,1.428571429,,1.0
623,,,,,,,,,,,,,,,,,,31.0,5,,,,,,1.0
624,,,,,,,,,,,,,,,,,,39.0,7,,,,,,2.0
625,,,,,,,,,,,,,,,,,,59.0,3,33.0,19.0,5.0,2.0,11.0,1.0
626,,,,,,,,,,,,,,,,,,38.0,5,,,,,7.5,1.0
627,,,,,,,,,,,,,,,,,,27.0,3,,,,,,1.0
628,,,,,,,,,,,,,,,,,,49.0,4,,,,,,2.0
629,,,,,,,,,,,,,,,,,,20.0,3,26.0,22.0,4.166666667,3.0,,1.0
630,,,,,,,,,,,75.0,50.0,50.0,15.0,8.0,,,35.0,6,,,,,,2.0
631,,,,,,,,,,,,,,,,,,70.0,6,,15.0,5.5,1.285714286,,2.0
632,1.0,1.0,1.0,1.0,2.0,1.0,1.0,1.0,1.0,3.0,62.0,53.0,67.0,54.0,9.0,-0.965411473,2.0,63.0,3,,21.0,5.333333333,2.714285714,10.0,2.0
633,2.0,2.0,2.0,1.0,1.0,3.0,3.0,3.0,3.0,3.0,,,,,,,8.0,66.0,2,32.0,33.0,7.0,1.571428571,14.5,1.0
634,1.0,1.0,2.0,3.0,3.0,1.0,1.0,2.0,3.0,3.0,97.0,90.0,52.0,52.0,9.0,0.47784996,7.0,65.0,6,33.0,30.0,5.333333333,1.571428571,12.0,2.0
635,,,,,,,,,,,,,,,,,,38.0,6,,,,,,1.0
636,,,,,,,,,,,,,,,,,,20.0,2,,,,,,1.0
637,,,,,,,,,,,,,,,,,,49.0,3,29.0,33.0,4.333333333,2.428571429,8.0,1.0
638,,,,,,,,,,,,,,,,,,31.0,2,,,,,,1.0
639,,,,,,,,,,,,,,,,,,65.0,3,36.0,19.0,5.666666667,1.428571429,13.0,2.0
640,,,,,,,,,,,,,,,,,,53.0,5,38.0,17.0,3.0,1.714285714,10.0,3.0
641,,,,,,,,,,,,,,,,,,21.0,3,,,,,,1.0
642,2.0,2.0,2.0,2.0,2.0,1.0,1.0,2.0,2.0,3.0,100.0,100.0,7.0,5.0,8.0,0.317965731,6.0,66.0,6,26.0,20.0,3.666666667,1.285714286,11.5,2.0
643,1.0,2.0,3.0,3.0,3.0,1.0,1.0,3.0,3.0,3.0,,,,,,0.257772418,5.0,47.0,5,45.0,18.0,5.0,2.285714286,7.0,2.0
644,2.0,2.0,3.0,3.0,3.0,1.0,2.0,3.0,3.0,3.0,,,,,,0.449853668,6.0,53.0,5,39.0,23.0,4.0,2.0,,2.0
645,,,,,,,,,,,,,,,,,,20.0,3,,,,,,1.0
646,,,,,,,,,,,69.0,34.0,78.0,48.0,10.0,,,59.0,2,,,,,,2.0
647,3.0,3.0,3.0,3.0,3.0,2.0,3.0,3.0,3.0,3.0,,,,,,0.393758439,4.0,28.0,5,38.0,18.0,5.5,2.0,12.0,1.0
648,1.0,1.0,1.0,2.0,3.0,1.0,2.0,2.0,3.0,3.0,,,,,,-0.569850306,4.0,43.0,5,49.0,7.0,6.0,2.0,10.5,2.0
649,3.0,3.0,3.0,3.0,3.0,3.0,3.0,3.0,3.0,3.0,100.0,100.0,0.0,19.0,11.0,0.637734189,7.0,41.0,6,,,,,12.0,1.0
650,1.0,1.0,2.0,3.0,3.0,1.0,1.0,2.0,3.0,3.0,100.0,30.0,90.0,85.0,11.0,0.605639812,4.0,77.0,3,39.0,16.0,4.5,1.714285714,14.5,1.0
651,,,,,,,,,,,,,,,,,,50.0,3,,,,,,2.0
652,,,,,,,,,,,,,,,,,,29.0,6,,,,,,1.0
653,,,,,,,,,,,,,,,,,,43.0,3,,,,,,1.0
654,1.0,2.0,2.0,3.0,3.0,1.0,1.0,2.0,2.0,3.0,100.0,30.0,10.0,40.0,11.0,-0.001802727,3.0,49.0,5,47.0,9.0,5.5,1.142857143,12.0,2.0
655,2.0,2.0,2.0,3.0,3.0,2.0,2.0,2.0,1.0,1.0,80.0,29.0,82.0,63.0,11.0,0.633636105,6.0,59.0,6,23.0,31.0,5.333333333,1.857142857,,2.0
656,,,,,,,,,,,,,,,,,,33.0,5,,,,,,1.0
657,,,,,,,,,,,,,,,,,,29.0,5,,,,,,1.0
658,1.0,1.0,2.0,3.0,3.0,1.0,1.0,2.0,3.0,3.0,70.0,50.0,50.0,70.0,10.0,0.341863939,5.0,43.0,5,35.0,24.0,4.166666667,2.714285714,11.5,2.0
659,,,,,,,,,,,,,,,,,,23.0,4,,,,,,2.0
660,3.0,3.0,3.0,3.0,3.0,1.0,1.0,2.0,3.0,3.0,,,,,,0.929506355,6.0,73.0,5,49.0,7.0,6.666666667,1.0,14.0,1.0
661,1.0,1.0,1.0,3.0,3.0,1.0,1.0,1.0,2.0,3.0,,,,,,0.345962024,5.0,25.0,5,,,,,,2.0
662,,,,,,,,,,,,,,,,,,62.0,6,,,,,13.5,2.0
663,2.0,3.0,3.0,3.0,3.0,2.0,3.0,3.0,3.0,3.0,100.0,100.0,0.0,0.0,1.0,,7.0,39.0,5,33.0,21.0,6.0,1.0,14.5,
664,,,,,,,,,,,,,,,,,,61.0,6,,,,,,2.0
665,,,,,,,,,,,,,,,,,,38.0,3,,,,,,1.0
666,,,,,,,,,,,,,,,,,,28.0,5,,,,,,1.0
667,,,,,,,,,,,,,,,,,,52.0,3,,,,,,1.0
668,,,,,,,,,,,,,,,,,,28.0,5,,,,,,2.0
669,,,,,,,,,,,,,,,,,,28.0,5,,,,,,3.0
670,,,,,,,,,,,,,,,,,,26.0,3,,,,,,1.0
671,2.0,3.0,3.0,3.0,3.0,3.0,3.0,3.0,3.0,3.0,,,,,,-0.353870849,6.0,49.0,6,34.0,20.0,4.833333333,3.428571429,14.0,1.0
672,,,,,,,,,,,,,,,,,,35.0,5,,,,,,1.0
673,,,,,,,,,,,,,,,,,,36.0,6,,,,,10.0,2.0
674,,,,,,,,,,,,,,,,,,50.0,3,,,,,,2.0
675,,,,,,,,,,,,,,,,,,29.0,5,,,,,,2.0
676,,,,,,,,,,,,,,,,,,64.0,6,,,,,,2.0
677,,,,,,,,,,,,,,,,,,22.0,5,30.0,29.0,5.0,5.285714286,,1.0
678,,,,,,,,,,,,,,,,,,62.0,2,,,,,,1.0
679,,,,,,,,,,,,,,,,,,31.0,7,38.0,18.0,5.333333333,1.142857143,13.5,2.0
680,,,,,,,,,,,,,,,,,,39.0,4,,,,,,2.0
681,,,,,,,,,,,,,,,,,,24.0,5,,,,,,1.0
682,2.0,2.0,3.0,3.0,3.0,2.0,2.0,3.0,3.0,3.0,,,,,,,5.0,26.0,4,28.0,30.0,2.833333333,3.714285714,6.5,1.0
683,,,,,,,,,,,0.0,0.0,100.0,0.0,1.0,,,26.0,4,,,,,,1.0
684,1.0,1.0,1.0,1.0,2.0,1.0,1.0,1.0,2.0,2.0,,,,,,,3.0,41.0,3,32.0,32.0,2.833333333,5.285714286,3.5,2.0
685,1.0,1.0,1.0,2.0,3.0,1.0,1.0,2.0,2.0,3.0,100.0,69.0,40.0,70.0,10.0,-1.317376951,4.0,20.0,2,31.0,24.0,4.666666667,2.428571429,,2.0
686,,,,,,,,,,,,,,,,,,24.0,3,,,,,,1.0
687,,,,,,,,,,,,,,,,,,32.0,1,,,,,,1.0
688,,,,,,,,,,,,,,,,,,30.0,6,,,,,,1.0
689,2.0,2.0,2.0,3.0,3.0,2.0,2.0,2.0,3.0,3.0,,,,,,-0.48985687,4.0,32.0,5,,,,,,1.0
690,,,,,,,,,,,40.0,,8.0,69.0,7.0,,,29.0,3,,,,,,2.0
691,,,,,,,,,,,100.0,100.0,100.0,100.0,11.0,,,26.0,3,35.0,32.0,5.166666667,2.571428571,10.5,2.0
692,,,,,,,,,,,,,,,,,,25.0,6,,,,,,2.0
693,1.0,2.0,3.0,3.0,3.0,1.0,2.0,3.0,3.0,3.0,,,,,,0.629640663,5.0,56.0,5,36.0,23.0,4.666666667,2.857142857,,2.0
694,,,,,,,,,,,,,,,,,,21.0,3,,,,,,2.0
695,2.0,2.0,2.0,2.0,3.0,2.0,2.0,3.0,3.0,3.0,90.0,100.0,0.0,0.0,11.0,-0.273877413,2.0,63.0,2,37.0,23.0,5.5,2.428571429,9.5,1.0
696,,,,,,,,,,,67.0,19.0,70.0,30.0,8.0,,,29.0,5,,,,,,1.0
697,,,,,,,,,,,,,,,,,,20.0,4,,,,,,1.0
698,1.0,2.0,3.0,3.0,3.0,1.0,1.0,1.0,3.0,3.0,,,,,,0.47784996,6.0,43.0,2,36.0,16.0,5.833333333,1.0,13.0,1.0
699,,,,,,,,,,,,,,,,,,21.0,3,,,,,,2.0
700,1.0,1.0,2.0,2.0,3.0,1.0,2.0,2.0,3.0,3.0,,,,,,,6.0,51.0,5,30.0,21.0,3.666666667,3.571428571,8.5,1.0
701,,,,,,,,,,,,,,,,,,58.0,3,,,,,,1.0
702,1.0,2.0,3.0,3.0,3.0,1.0,1.0,2.0,3.0,3.0,,,,,,-0.113993184,5.0,31.0,3,,,,,,2.0
703,,,,,,,,,,,,,,,,,,49.0,4,,,,,,2.0
704,,,,,,,,,,,,,,,,,,28.0,5,,,,,,1.0
705,,,,,,,,,,,,,,,,,,59.0,5,,,,,,1.0
706,,,,,,,,,,,,,,,,,,35.0,6,,,,,,2.0
707,,,,,,,,,,,,,,,,,,81.0,5,,,,,,1.0
708,2.0,2.0,2.0,2.0,2.0,2.0,2.0,2.0,2.0,2.0,49.0,12.0,32.0,68.0,11.0,-0.409966077,5.0,44.0,6,25.0,28.0,4.333333333,1.0,9.0,2.0
709,,,,,,,,,,,,,,,,,,42.0,6,,,,,,2.0
710,,,,,,,,,,,,,,,,,,62.0,5,,,,,,1.0
711,,,,,,,,,,,,,,,,,,19.0,2,,,,,,2.0
712,,,,,,,,,,,,,,,,,,58.0,5,,,,,9.5,1.0
713,,,,,,,,,,,,,,,,,,48.0,6,42.0,20.0,6.166666667,1.0,,2.0
714,,,,,,,,,,,,,,,,,,31.0,5,,,,,,1.0
715,,,,,,,,,,,,,,,,,,30.0,6,,,,,,1.0
716,,,,,,,,,,,,,,,,,,28.0,5,,,,,,2.0
717,,,,,,,,,,,,,,,,,,32.0,7,43.0,25.0,4.166666667,1.571428571,,2.0
718,,,,,,,,,,,,,,,,,,27.0,5,36.0,36.0,6.0,4.0,11.5,2.0
719,,,,,,,,,,,,,,,,,,22.0,3,,,,,,1.0
720,,,,,,,,,,,,,,,,,,33.0,6,,,,,,2.0
721,,,,,,,,,,,,,,,,,,60.0,7,41.0,39.0,6.333333333,6.0,8.0,1.0
722,,,,,,,,,,,,,,,,,,29.0,6,,,,,,2.0
723,,,,,,,,,,,,,,,,,,33.0,6,,,,,,1.0
724,,,,,,,,,,,,,,,,,,29.0,6,,,,,,1.0
725,,,,,,,,,,,,,,,,,,27.0,5,,,,,,2.0
726,,,,,,,,,,,,,,,,,,62.0,3,,,,,,2.0
727,,,,,,,,,,,,,,,,,,64.0,4,26.0,13.0,5.666666667,1.0,,2.0
728,2.0,2.0,2.0,2.0,2.0,2.0,2.0,2.0,3.0,3.0,91.0,82.0,77.0,91.0,11.0,-0.621744807,7.0,66.0,3,32.0,17.0,4.833333333,2.285714286,11.5,2.0
729,,,,,,,,,,,,,,,,,,26.0,3,,,,,,1.0
730,,,,,,,,,,,,,,,,,,24.0,5,,,,,11.5,2.0
731,,,,,,,,,,,,,,,,,,25.0,5,,,,,,1.0
732,,,,,,,,,,,,,,,,,,25.0,5,,,,,,1.0
733,,,,,,,,,,,100.0,70.0,30.0,10.0,11.0,,,43.0,4,,,,,,1.0
734,1.0,1.0,3.0,3.0,3.0,1.0,1.0,3.0,3.0,3.0,,,,,,-1.12949643,3.0,33.0,5,,,,,,2.0
735,,,,,,,,,,,40.0,20.0,65.0,50.0,10.0,,,30.0,4,41.0,20.0,4.666666667,3.714285714,,2.0
736,,,,,,,,,,,,,,,,,,30.0,3,,,,,,1.0
737,1.0,1.0,3.0,3.0,3.0,1.0,1.0,3.0,3.0,3.0,100.0,100.0,0.0,0.0,10.0,-0.885418037,3.0,59.0,3,30.0,21.0,3.5,1.714285714,9.5,1.0
738,,,,,,,,,,,,,,,,,,39.0,4,,,,,,1.0
739,1.0,2.0,2.0,3.0,3.0,1.0,2.0,2.0,3.0,3.0,,,,,,-0.137891391,3.0,42.0,5,,,,,11.0,2.0
740,,,,,,,,,,,,,,,,,,22.0,5,,,,,,1.0
741,2.0,2.0,3.0,3.0,3.0,2.0,2.0,3.0,3.0,3.0,100.0,92.0,4.0,59.0,11.0,0.345962024,7.0,61.0,5,39.0,19.0,2.666666667,1.142857143,,2.0
742,,,,,,,,,,,,,,,,,,42.0,2,34.0,23.0,4.5,1.571428571,10.5,2.0
743,,,,,,,,,,,,,,,,,,31.0,5,,,,,,2.0
744,,,,,,,,,,,,,,,,,,62.0,7,,,,,,2.0
745,,,,,,,,,,,,,,,,,,30.0,5,,,,,,1.0
746,,,,,,,,,,,,,,,,,,47.0,7,,,,,,1.0
747,,,,,,,,,,,,,,,,,,30.0,3,,,,,,1.0
748,1.0,2.0,3.0,3.0,3.0,1.0,1.0,2.0,3.0,3.0,75.0,50.0,60.0,70.0,11.0,-0.250081848,6.0,26.0,5,,,,,5.5,1.0
749,1.0,1.0,1.0,3.0,3.0,1.0,1.0,1.0,3.0,3.0,100.0,100.0,81.0,1.0,6.0,-1.12949643,3.0,61.0,3,28.0,18.0,6.166666667,1.571428571,13.5,2.0
750,,,,,,,,,,,,,,,,,,26.0,6,,,,,,1.0
751,,,,,,,,,,,,,,,,,,29.0,6,,,,,,2.0
752,,,,,,,,,,,,,,,,,,30.0,6,,,,,,2.0
753,,,,,,,,,,,,,,,,,,24.0,2,,,,,,1.0
754,,,,,,,,,,,,,,,,,,32.0,1,39.0,18.0,6.166666667,1.285714286,,1.0
755,,,,,,,,,,,,,,,,,,29.0,6,,,,,,1.0
756,,,,,,,,,,,,,,,,,,19.0,2,,,,,,2.0
757,1.0,2.0,2.0,3.0,3.0,1.0,1.0,2.0,3.0,3.0,99.0,51.0,7.0,86.0,11.0,0.637734189,8.0,53.0,5,39.0,18.0,5.333333333,2.428571429,13.0,2.0
758,1.0,1.0,2.0,2.0,3.0,2.0,2.0,2.0,3.0,3.0,,,,,,0.661632397,6.0,38.0,5,,,,,,2.0
759,,,,,,,,,,,,,,,,,,47.0,3,,,,,,2.0
760,,,,,,,,,,,,,,,,,,25.0,5,,,,,,1.0
761,,,,,,,,,,,,,,,,,,22.0,5,,,,,,2.0
762,2.0,2.0,2.0,2.0,3.0,2.0,2.0,2.0,2.0,3.0,52.0,29.0,38.0,35.0,8.0,-0.9696122,4.0,40.0,3,38.0,33.0,3.166666667,3.571428571,7.5,2.0
763,,,,,,,,,,,,,,,,,,30.0,6,,,,,,2.0
764,,,,,,,,,,,,,,,,,,27.0,3,,,,,,2.0
765,,,,,,,,,,,,,,,,,,22.0,5,,,,,,1.0
766,2.0,3.0,3.0,3.0,3.0,2.0,3.0,3.0,3.0,3.0,97.0,52.0,67.0,53.0,10.0,-1.049502994,4.0,65.0,2,37.0,16.0,5.5,1.571428571,6.5,2.0
767,,,,,,,,,,,,,,,,,,30.0,6,,,,,,2.0
768,,,,,,,,,,,,,,,,,,30.0,6,42.0,22.0,4.833333333,2.571428571,,2.0
769,,,,,,,,,,,,,,,,,,24.0,3,,,,,,1.0
770,,,,,,,,,,,,,,,,,,25.0,7,46.0,24.0,6.833333333,1.142857143,11.0,1.0
771,,,,,,,,,,,,,,,,,,20.0,3,,,,,,2.0
772,,,,,,,,,,,,,,,,,,39.0,5,,,,,,2.0
773,,,,,,,,,,,90.0,40.0,60.0,70.0,11.0,,,35.0,3,,,,,,1.0
774,,,,,,,,,,,,,,,,,,61.0,5,,,,,12.0,1.0
775,,,,,,,,,,,,,,,,,,30.0,6,,,,,,2.0
776,,,,,,,,,,,,,,,,,,30.0,6,,,,,,2.0
777,,,,,,,,,,,,,,,,,,24.0,5,,,,,,1.0
778,2.0,1.0,2.0,3.0,3.0,,,1.0,2.0,3.0,55.0,42.0,54.0,73.0,11.0,1.588946038,5.0,61.0,6,46.0,44.0,6.666666667,6.714285714,10.0,1.0
779,1.0,1.0,2.0,2.0,3.0,1.0,1.0,2.0,2.0,3.0,97.0,85.0,8.0,30.0,11.0,0.657534312,8.0,67.0,6,34.0,22.0,4.5,2.714285714,13.5,1.0
780,,,,,,,,,,,,,,,,,,30.0,6,,,,,,2.0
781,1.0,2.0,3.0,3.0,3.0,1.0,2.0,3.0,3.0,3.0,100.0,36.0,33.0,50.0,9.0,-0.889618764,4.0,22.0,4,29.0,30.0,5.0,2.714285714,9.0,1.0
782,,,,,,,,,,,,,,,,,,30.0,5,,,,,,2.0
783,,,,,,,,,,,,,,,,,,28.0,6,,,,,,1.0
784,,,,,,,,,,,,,,,,,,28.0,6,,,,,,1.0
785,,,,,,,,,,,,,,,,,,38.0,3,,,,,,1.0
786,,,,,,,,,,,,,,,,,,30.0,6,,,,,,2.0
787,,,,,,,,,,,,,,,,,,28.0,5,,,,,,2.0
788,,,,,,,,,,,,,,,,,,32.0,6,,,,,,1.0
789,,,,,,,,,,,,,,,,,,35.0,6,,,,,,1.0
790,,,,,,,,,,,,,,,,,,75.0,5,40.0,21.0,5.833333333,1.0,11.5,1.0
791,,,,,,,,,,,,,,,,,,30.0,6,,,,,,2.0
792,,,,,,,,,,,,,,,,,,34.0,3,,,,,,2.0
793,,,,,,,,,,,,,,,,,,28.0,5,,,,,,1.0
794,,,,,,,,,,,,,,,,,,31.0,3,,,,,,1.0
795,,,,,,,,,,,,,,,,,,20.0,3,,,,,,2.0
796,1.0,2.0,2.0,3.0,3.0,1.0,1.0,2.0,2.0,3.0,,,,,,,7.0,19.0,3,,,,,8.0,2.0
797,,,,,,,,,,,100.0,100.0,0.0,61.0,11.0,,,35.0,5,46.0,21.0,6.666666667,2.0,5.5,2.0
798,,,,,,,,,,,67.0,71.0,62.0,73.0,9.0,,,44.0,7,,,,,,1.0
799,3.0,3.0,3.0,3.0,3.0,3.0,3.0,3.0,3.0,3.0,93.0,98.0,97.0,5.0,10.0,0.102088917,7.0,56.0,3,39.0,16.0,5.666666667,1.857142857,9.0,1.0
800,,,,,,,,,,,,,,,,,,19.0,3,,,,,,1.0
801,,,,,,,,,,,,,,,,,,51.0,4,,,,,,2.0
802,,,,,,,,,,,79.0,,60.0,30.0,8.0,,,28.0,6,,,,,,2.0
803,2.0,2.0,3.0,3.0,3.0,3.0,3.0,2.0,2.0,2.0,85.0,15.0,82.0,94.0,11.0,0.341863939,8.0,19.0,2,37.0,33.0,6.0,4.857142857,11.0,2.0
804,,,,,,,,,,,,,,,,,,25.0,5,,,,,,1.0
805,1.0,2.0,2.0,3.0,3.0,1.0,2.0,2.0,3.0,3.0,,,,,,-0.941513265,5.0,36.0,3,25.0,25.0,5.666666667,4.714285714,7.0,1.0
806,,,,,,,,,,,,,,,,,,23.0,2,,,,,,1.0
807,,,,,,,,,,,,,,,,,,34.0,5,,,,,,1.0
808,,,,,,,,,,,,,,,,,,28.0,5,,,,,,2.0
809,,,,,,,,,,,,,,,,,,30.0,5,,,,,,2.0
810,,,,,,,,,,,,,,,,,,28.0,5,,,,,,2.0
811,,,,,,,,,,,,,,,,,,30.0,6,,,,,,2.0
812,,,,,,,,,,,,,,,,,,32.0,6,,,,,,2.0
813,,,,,,,,,,,,,,,,,,30.0,6,,,,,,1.0
814,,,,,,,,,,,,,,,,,,28.0,6,,,,,,2.0
815,,,,,,,,,,,,,,,,,,35.0,6,,,,,,1.0
816,,,,,,,,,,,,,,,,,,35.0,6,,,,,,2.0
817,,,,,,,,,,,,,,,,,,27.0,6,,,,,,1.0
818,,,,,,,,,,,,,,,,,,27.0,5,,,,,,1.0
819,,,,,,,,,,,,,,,,,,30.0,3,,,,,,1.0
820,,,,,,,,,,,,,,,,,,28.0,6,,,,,,2.0
821,1.0,1.0,2.0,2.0,3.0,2.0,2.0,3.0,3.0,3.0,,,,,,-0.701738243,7.0,61.0,7,,,,,8.5,2.0
822,,,,,,,,,,,,,,,,,,33.0,5,,,,,,1.0
823,,,,,,,,,,,,,,,,,,30.0,7,,,,,,2.0
824,,,,,,,,,,,,,,,,,,31.0,6,,,,,,1.0
825,,,,,,,,,,,,,,,,,,30.0,6,,,,,,1.0
826,,,,,,,,,,,,,,,,,,31.0,6,,,,,,1.0
827,,,,,,,,,,,,,,,,,,35.0,6,,,,,,2.0
828,,,,,,,,,,,,,,,,,,35.0,6,,,,,,2.0
829,,,,,,,,,,,,,,,,,,35.0,6,,,,,,1.0
830,,,,,,,,,,,,,,,,,,69.0,5,,,,,,2.0
831,,,,,,,,,,,,,,,,,,28.0,6,,,,,9.0,2.0
832,,,,,,,,,,,,,,,,,,26.0,5,,,,,,1.0
833,,,,,,,,,,,,,,,,,,26.0,4,,,,,,1.0
834,,,,,,,,,,,,,,,,,,38.0,6,,,,,,2.0
835,,,,,,,,,,,,,,,,,,33.0,6,,,,,,2.0
836,,,,,,,,,,,,,,,,,,73.0,5,32.0,32.0,6.166666667,1.285714286,12.5,1.0
837,,,,,,,,,,,,,,,,,,30.0,6,,,,,,2.0
838,,,,,,,,,,,,,,,,,,30.0,6,,,,,,1.0
839,,,,,,,,,,,,,,,,,,30.0,6,,,,,,1.0
840,,,,,,,,,,,,,,,,,,30.0,6,,,,,,1.0
841,,,,,,,,,,,,,,,,,,27.0,5,26.0,32.0,5.333333333,1.857142857,14.0,2.0
842,,,,,,,,,,,,,,,,,,43.0,6,,,,,,2.0
843,,,,,,,,,,,,,,,,,,33.0,5,,,,,,1.0
844,,,,,,,,,,,,,,,,,,26.0,5,,,,,,1.0
845,,,,,,,,,,,,,,,,,,27.0,5,,,,,,1.0
846,1.0,1.0,2.0,3.0,3.0,2.0,2.0,3.0,3.0,3.0,50.0,20.0,50.0,50.0,8.0,,6.0,54.0,5,42.0,19.0,5.0,1.428571429,12.5,1.0
847,,,,,,,,,,,,,,,,,,44.0,3,,,,,3.0,2.0
848,,,,,,,,,,,,,,,,,,21.0,4,,,,,,1.0
849,,,,,,,,,,,,,,,,,,45.0,7,,,,,,1.0
850,3.0,3.0,3.0,3.0,3.0,1.0,2.0,3.0,3.0,3.0,,,,,,-1.049502994,4.0,24.0,5,,,,,,1.0
851,,,,,,,,,,,,,,,,,,22.0,3,,,,,,2.0
852,,,,,,,,,,,,,,,,,,44.0,6,,,,,,1.0
853,,,,,,,,,,,,,,,,,,26.0,5,,,,,,1.0
854,,,,,,,,,,,,,,,,,,58.0,6,,,,,,1.0
855,,,,,,,,,,,,,,,,,,40.0,6,,,,,,2.0
856,,,,,,,,,,,,,,,,,,30.0,5,,,,,,2.0
857,,,,,,,,,,,,,,,,,,30.0,5,,,,,,2.0
858,1.0,2.0,2.0,3.0,3.0,1.0,2.0,2.0,3.0,3.0,,,,,,-0.541751371,4.0,33.0,6,,,,,,2.0
859,,,,,,,,,,,,,,,,,,30.0,5,,,,,,1.0
860,,,,,,,,,,,,,,,,,,39.0,3,,,,,,2.0
861,,,,,,,,,,,50.0,50.0,50.0,81.0,9.0,,,41.0,3,,,,,,2.0
862,,,,,,,,,,,,,,,,,,49.0,5,,,,,10.5,2.0
863,,,,,,,,,,,,,,,,,,30.0,6,,,,,,2.0
864,,,,,,,,,,,,,,,,,,30.0,6,,,,,,2.0
865,,,,,,,,,,,,,,,,,,38.0,6,,,,,,2.0
866,2.0,2.0,1.0,1.0,,2.0,2.0,2.0,2.0,3.0,,,,,,-0.541854013,,53.0,6,35.0,29.0,4.0,1.0,9.0,1.0
867,,,,,,,,,,,,,,,,,,23.0,5,,,,,,1.0
868,,,,,,,,,,,,,,,,,,30.0,6,33.0,23.0,5.833333333,1.571428571,14.5,2.0
869,,,,,,,,,,,,,,,,,,30.0,6,,,,,,1.0
870,,,,,,,,,,,,,,,,,,27.0,5,,,,,,2.0
871,1.0,1.0,2.0,3.0,3.0,1.0,1.0,2.0,3.0,3.0,,,,,,-0.541751371,7.0,26.0,5,39.0,18.0,5.0,2.428571429,13.0,1.0
872,,,,,,,,,,,,,,,,,,44.0,5,,,,,,1.0
873,,,,,,,,,,,,,,,,,,22.0,3,46.0,7.0,6.5,1.0,,1.0
874,,,,,,,,,,,,,,,,,,30.0,5,,,,,,1.0
875,,,,,,,,,,,,,,,,,,28.0,6,,,,,,2.0
876,,,,,,,,,,,,,,,,,,31.0,6,,,,,,2.0
877,,,,,,,,,,,,,,,,,,36.0,4,,,,,,2.0
878,,,,,,,,,,,,,,,,,,29.0,5,,,,,,2.0
879,,,,,,,,,,,,,,,,,,71.0,5,,,,,,1.0
880,,,,,,,,,,,,,,,,,,61.0,3,,,,,,2.0
881,,,,,,,,,,,,,,,,,,30.0,5,,,,,,1.0
882,,,,,,,,,,,,,,,,,,27.0,6,,,,,,2.0
883,,,,,,,,,,,,,,,,,,29.0,3,,,,,,2.0
884,2.0,2.0,2.0,2.0,2.0,2.0,2.0,2.0,2.0,2.0,,,,,,,6.0,32.0,6,,,,,,1.0
885,1.0,1.0,1.0,2.0,2.0,1.0,1.0,2.0,2.0,2.0,61.0,76.0,50.0,50.0,10.0,0.214074087,5.0,49.0,5,36.0,15.0,4.333333333,1.571428571,3.0,2.0
886,,,,,,,,,,,,,,,,,,33.0,6,,,,,,1.0
887,,,,,,,,,,,,,,,,,,46.0,5,,,,,,2.0
888,,,,,,,,,,,,,,,,,,20.0,3,,,,,,2.0
889,,,,,,,,,,,,,,,,,,30.0,6,,,,,,2.0
890,,,,,,,,,,,,,,,,,,30.0,5,,,,,,2.0
891,,,,,,,,,,,,,,,,,,30.0,6,,,,,,2.0
892,,,,,,,,,,,,,,,,,,31.0,6,,,,,,1.0
893,,,,,,,,,,,,,,,,,,30.0,6,,,,,,2.0
894,,,,,,,,,,,,,,,,,,30.0,6,,,,,,2.0
895,,,,,,,,,,,,,,,,,,40.0,7,,,,,,1.0
896,,,,,,,,,,,,,,,,,,22.0,3,,,,,,2.0
897,,,,,,,,,,,,,,,,,,29.0,6,,,,,,2.0
898,,,,,,,,,,,,,,,,,,64.0,3,,,,,,2.0
899,,,,,,,,,,,,,,,,,,30.0,6,,,,,,2.0
900,,,,,,,,,,,,,,,,,,29.0,5,,,,,,1.0
901,,,,,,,,,,,,,,,,,,20.0,3,,,,,,1.0
902,,,,,,,,,,,,,,,,,,28.0,3,,,,,,1.0
903,,,,,,,,,,,,,,,,,,19.0,2,,,,,,1.0
904,3.0,3.0,3.0,3.0,3.0,3.0,3.0,3.0,3.0,3.0,,,,,,-1.289380659,5.0,34.0,2,41.0,13.0,6.0,1.0,7.5,1.0
905,1.0,1.0,2.0,3.0,3.0,1.0,2.0,3.0,3.0,3.0,90.0,42.0,66.0,82.0,11.0,0.317965731,6.0,33.0,6,38.0,16.0,5.333333333,2.571428571,8.0,2.0
906,,,,,,,,,,,,,,,,,,43.0,5,29.0,28.0,5.166666667,4.142857143,13.5,1.0
907,,,,,,,,,,,,,,,,,,20.0,3,,,,,,1.0
908,,,,,,,,,,,,,,,,,,35.0,6,,,,,,2.0
909,3.0,3.0,3.0,3.0,3.0,3.0,3.0,3.0,3.0,3.0,99.0,91.0,15.0,51.0,11.0,1.748830267,7.0,30.0,6,47.0,15.0,5.333333333,1.142857143,11.5,1.0
910,,,,,,,,,,,,,,,,,,35.0,6,,,,,,1.0
911,,,,,,,,,,,,,,,,,,19.0,3,,,,,,2.0
912,,,,,,,,,,,,,,,,,,47.0,6,,,,,,2.0
913,,,,,,,,,,,,,,,,,,20.0,3,,,,,10.0,1.0
914,,,,,,,,,,,,,,,,,,51.0,5,,,,,,2.0
915,,,,,,,,,,,,,,,,,,30.0,6,,,,,,1.0
